no,num1,num2,num3,num4,num5,num6,binus,winning_1,winning_2,winning_3,winning_4,winning_5
967,1,6,13,37,38,40,9,"5,809,776,094원","56,133,103원","1,564,923원","50,000원","5,000원"
966,1,21,25,29,34,37,36,"2,411,303,513원","80,376,784원","1,708,691원","50,000원","5,000원"
965,2,13,25,28,29,36,34,"3,403,348,929원","86,316,821원","1,662,024원","50,000원","5,000원"
964,6,21,36,38,39,43,30,"2,345,861,063원","75,187,855원","1,597,781원","50,000원","5,000원"
963,6,12,19,23,34,42,35,"1,476,478,125원","54,282,285원","1,176,665원","50,000원","5,000원"
962,1,18,28,31,34,43,40,"1,940,906,094원","53,175,510원","1,503,996원","50,000원","5,000원"
961,11,20,29,31,33,42,43,"2,575,231,209원","52,915,710원","1,422,256원","50,000원","5,000원"
960,2,18,24,30,32,45,14,"2,401,133,213원","71,462,298원","1,557,762원","50,000원","5,000원"
959,1,14,15,24,40,41,35,"3,015,312,891원","53,605,563원","1,606,882원","50,000원","5,000원"
958,2,9,10,16,35,37,1,"1,596,119,675원","59,556,705원","1,615,506원","50,000원","5,000원"
957,4,15,24,35,36,40,1,"2,126,634,137원","63,915,234원","1,375,249원","50,000원","5,000원"
956,10,11,20,21,25,41,40,"2,022,982,671원","27,270,600원","1,214,806원","50,000원","5,000원"
955,4,9,23,26,29,33,8,"2,023,170,188원","56,990,710원","1,526,921원","50,000원","5,000원"
954,1,9,26,28,30,41,32,"2,478,795,900원","64,551,977원","1,554,884원","50,000원","5,000원"
953,7,9,22,27,37,42,34,"1,640,636,009원","37,530,890원","1,169,616원","50,000원","5,000원"
952,4,12,22,24,33,41,38,"2,713,699,834원","43,769,353원","1,339,438원","50,000원","5,000원"
951,2,12,30,31,39,43,38,"1,747,552,661원","56,633,652원","1,402,692원","50,000원","5,000원"
950,3,4,15,22,28,40,10,"3,281,920,500원","65,311,851원","1,516,249원","50,000원","5,000원"
949,14,21,35,36,40,44,30,"2,458,569,713원","63,040,250원","1,579,652원","50,000원","5,000원"
948,13,18,30,31,38,41,5,"2,188,548,716원","44,581,548원","1,381,184원","50,000원","5,000원"
947,3,8,17,20,27,35,26,"1,275,855,750원","65,992,539원","1,202,881원","50,000원","5,000원"
946,9,18,19,30,34,40,20,"2,157,656,182원","55,714,127원","1,341,371원","50,000원","5,000원"
945,9,10,15,30,33,37,26,"1,765,554,491원","53,878,424원","1,536,293원","50,000원","5,000원"
944,2,13,16,19,32,33,42,"1,961,836,356원","53,805,639원","1,390,464원","50,000원","5,000원"
943,1,8,13,36,44,45,39,"3,435,045,108원","54,156,117원","1,472,283원","50,000원","5,000원"
942,10,12,18,35,42,43,39,"3,761,680,313원","72,340,007원","1,521,101원","50,000원","5,000원"
941,12,14,25,27,39,40,35,"1,347,297,422원","41,296,473원","1,097,037원","50,000원","5,000원"
940,3,15,20,22,24,41,11,"2,846,071,079원","74,407,088원","1,629,353원","50,000원","5,000원"
939,4,11,28,39,42,45,6,"1,708,363,039원","55,245,571원","1,380,110원","50,000원","5,000원"
938,4,8,10,16,31,36,9,"2,249,466,563원","58,579,859원","1,481,277원","50,000원","5,000원"
937,2,10,13,22,29,40,26,"2,058,420,819원","66,206,518원","1,521,683원","50,000원","5,000원"
936,7,11,13,17,18,29,43,"1,492,069,179원","45,214,218원","1,215,606원","50,000원","5,000원"
935,4,10,20,32,38,44,18,"1,711,055,424원","30,894,057원","1,263,992원","50,000원","5,000원"
934,1,3,30,33,36,39,12,"5,765,772,844원","58,240,130원","1,629,440원","50,000원","5,000원"
933,23,27,29,31,36,45,37,"2,927,797,079원","61,963,960원","1,762,407원","50,000원","5,000원"
932,1,6,15,36,37,38,5,"3,390,022,983원","61,797,294원","1,634,309원","50,000원","5,000원"
931,14,15,23,25,35,43,32,"2,957,108,063원","73,015,014원","1,518,803원","50,000원","5,000원"
930,8,21,25,38,39,44,28,"2,832,418,829원","68,664,699원","1,360,432원","50,000원","5,000원"
929,7,9,12,15,19,23,4,"1,308,035,157원","38,330,701원","1,151,947원","50,000원","5,000원"
928,3,4,10,20,28,44,30,"3,134,591,358원","45,148,436원","1,385,761원","50,000원","5,000원"
927,4,15,22,38,41,43,26,"3,714,203,875원","58,955,618원","1,593,396원","50,000원","5,000원"
926,10,16,18,20,25,31,6,"2,032,490,663원","47,048,395원","1,158,907원","50,000원","5,000원"
925,13,24,32,34,39,42,4,"1,771,080,532원","52,090,604원","1,516,986원","50,000원","5,000원"
924,3,11,34,42,43,44,13,"2,382,430,667원","51,791,972원","1,625,863원","50,000원","5,000원"
923,3,17,18,23,36,41,26,"2,667,554,625원","63,513,206원","1,496,945원","50,000원","5,000원"
922,2,6,13,17,27,43,36,"3,417,904,500원","38,403,422원","1,188,423원","50,000원","5,000원"
921,5,7,12,22,28,41,1,"1,232,573,405원","48,504,047원","1,302,123원","50,000원","5,000원"
920,2,3,26,33,34,43,29,"3,120,260,197원","68,684,973원","1,550,385원","50,000원","5,000원"
919,9,14,17,18,42,44,35,"4,305,150,450원","64,064,739원","1,411,896원","50,000원","5,000원"
918,7,11,12,31,33,38,5,"1,117,622,646원","38,986,837원","1,233,580원","50,000원","5,000원"
917,1,3,23,24,27,43,34,"2,144,799,638원","76,056,725원","1,581,711원","50,000원","5,000원"
916,6,21,22,32,35,36,17,"2,025,384,341원","53,045,781원","1,700,186원","50,000원","5,000원"
915,2,6,11,13,22,37,14,"3,518,640,500원","55,851,437원","1,444,434원","50,000원","5,000원"
914,16,19,24,33,42,44,27,"1,950,005,557원","65,000,186원","1,382,983원","50,000원","5,000원"
913,6,14,16,21,27,37,40,"1,338,755,602원","54,091,136원","1,447,108원","50,000원","5,000원"
912,5,8,18,21,22,38,10,"1,493,500,581원","49,783,353원","1,368,212원","50,000원","5,000원"
911,4,5,12,14,32,42,35,"2,113,538,625원","60,733,869원","1,370,115원","50,000원","5,000원"
910,1,11,17,27,35,39,31,"941,316,375원","45,758,435원","1,222,943원","50,000원","5,000원"
909,7,24,29,30,34,35,33,"2,021,062,875원","58,814,000원","1,599,863원","50,000원","5,000원"
908,3,16,21,22,23,44,30,"2,834,856,141원","66,312,425원","1,749,102원","50,000원","5,000원"
907,21,27,29,38,40,44,37,"3,165,059,036원","55,112,969원","1,605,465원","50,000원","5,000원"
906,2,5,14,28,31,32,20,"2,472,607,250원","58,871,602원","1,565,602원","50,000원","5,000원"
905,3,4,16,27,38,40,20,"3,017,862,536원","45,725,190원","1,332,138원","50,000원","5,000원"
904,2,6,8,26,43,45,11,"2,718,077,813원","39,392,433원","1,550,751원","50,000원","5,000원"
903,2,15,16,21,22,28,45,"1,684,582,212원","74,488,330원","1,575,963원","50,000원","5,000원"
902,7,19,23,24,36,39,30,"1,619,317,529원","52,365,990원","1,479,141원","50,000원","5,000원"
901,5,18,20,23,30,34,21,"2,267,974,667원","50,775,553원","1,473,987원","50,000원","5,000원"
900,7,13,16,18,35,38,14,"3,349,851,375원","65,683,361원","1,404,550원","50,000원","5,000원"
899,8,19,20,21,33,39,37,"3,359,356,063원","63,384,077원","1,398,567원","50,000원","5,000원"
898,18,21,28,35,37,42,17,"2,639,313,235원","62,840,792원","1,086,138원","50,000원","5,000원"
897,6,7,12,22,26,36,29,"1,619,922,520원","56,610,196원","1,463,650원","50,000원","5,000원"
896,5,12,25,26,38,45,23,"3,053,222,036원","77,436,791원","1,377,453원","50,000원","5,000원"
895,16,26,31,38,39,41,23,"1,928,079,219원","66,485,491원","1,402,240원","50,000원","5,000원"
894,19,32,37,40,41,43,45,"2,377,935,959원","63,694,714원","1,530,204원","50,000원","5,000원"
893,1,15,17,23,25,41,10,"2,377,433,625원","61,485,353원","1,687,720원","50,000원","5,000원"
892,4,9,17,18,26,42,36,"1,282,017,464원","46,569,011원","1,340,858원","50,000원","5,000원"
891,9,13,28,31,39,41,19,"3,082,673,947원","46,707,182원","1,472,147원","50,000원","5,000원"
890,1,4,14,18,29,37,6,"2,335,486,167원","60,400,505원","1,474,424원","50,000원","5,000원"
889,3,13,29,38,39,42,26,"2,108,986,950원","58,582,971원","1,503,413원","50,000원","5,000원"
888,3,7,12,31,34,38,32,"2,370,359,204원","53,567,440원","1,288,414원","50,000원","5,000원"
887,8,14,17,27,36,45,10,"2,535,268,688원","51,217,550원","1,415,561원","50,000원","5,000원"
886,19,23,28,37,42,45,2,"2,974,643,786원","58,820,640원","1,621,691원","50,000원","5,000원"
885,1,3,24,27,39,45,31,"1,543,832,568원","59,731,618원","1,467,737원","50,000원","5,000원"
884,4,14,23,28,37,45,17,"1,799,077,282원","48,623,711원","1,630,338원","50,000원","5,000원"
883,9,18,32,33,37,44,22,"1,360,519,525원","52,327,675원","1,340,150원","50,000원","5,000원"
882,18,34,39,43,44,45,23,"4,127,270,400원","78,168,000원","1,651,966원","50,000원","5,000원"
881,4,18,20,26,27,32,9,"2,503,212,282원","49,815,170원","1,524,722원","50,000원","5,000원"
880,7,17,19,23,24,45,38,"2,837,810,465원","63,668,825원","1,419,717원","50,000원","5,000원"
879,1,4,10,14,15,35,20,"3,206,361,313원","41,641,057원","1,236,069원","50,000원","5,000원"
878,2,6,11,16,25,31,3,"3,207,993,500원","46,492,660원","1,079,769원","50,000원","5,000원"
877,5,17,18,22,23,43,12,"1,716,607,188원","45,776,192원","1,584,317원","50,000원","5,000원"
876,5,16,21,26,34,42,24,"1,090,657,856원","58,538,134원","1,423,054원","50,000원","5,000원"
875,19,22,30,34,39,44,36,"1,415,946,724원","100,117,446원","1,450,341원","50,000원","5,000원"
874,1,15,19,23,28,42,32,"1,117,123,917원","49,284,879원","1,496,149원","50,000원","5,000원"
873,3,5,12,13,33,39,38,"1,874,553,225원","45,944,932원","1,315,476원","50,000원","5,000원"
872,2,4,30,32,33,43,29,"1,262,705,579원","73,200,324원","1,668,591원","50,000원","5,000원"
871,2,6,12,26,30,34,38,"2,718,071,358원","51,984,972원","1,421,374원","50,000원","5,000원"
870,21,25,30,32,40,42,31,"1,928,842,988원","66,973,715원","1,581,279원","50,000원","5,000원"
869,2,6,20,27,37,39,4,"1,922,582,588원","57,219,720원","1,449,912원","50,000원","5,000원"
868,12,17,28,41,43,44,25,"3,233,804,250원","53,013,185원","1,502,698원","50,000원","5,000원"
867,14,17,19,22,24,40,41,"3,933,755,250원","57,511,042원","1,507,186원","50,000원","5,000원"
866,9,15,29,34,37,39,12,"2,240,409,000원","49,420,787원","1,651,408원","50,000원","5,000원"
865,3,15,22,32,33,45,2,"1,551,729,145원","64,655,382원","1,619,499원","50,000원","5,000원"
864,3,7,10,13,25,36,32,"1,716,553,637원","49,172,110원","1,275,645원","50,000원","5,000원"
863,16,21,28,35,39,43,12,"2,853,357,322원","52,014,327원","1,630,224원","50,000원","5,000원"
862,10,34,38,40,42,43,32,"2,190,922,709원","52,164,827원","1,609,395원","50,000원","5,000원"
861,11,17,19,21,22,25,24,"4,872,108,844원","49,970,348원","1,439,749원","50,000원","5,000원"
860,4,8,18,25,27,32,42,"1,879,899,825원","50,534,942원","1,339,533원","50,000원","5,000원"
859,8,22,35,38,39,41,24,"1,853,927,489원","66,644,453원","1,793,598원","50,000원","5,000원"
858,9,13,32,38,39,43,23,"2,202,347,459원","80,573,688원","1,592,059원","50,000원","5,000원"
857,6,10,16,28,34,38,43,"1,284,915,425원","51,811,106원","1,357,114원","50,000원","5,000원"
856,10,24,40,41,43,44,17,"3,977,927,550원","62,546,031원","1,700,842원","50,000원","5,000원"
855,8,15,17,19,43,44,7,"2,269,510,500원","55,807,636원","1,683,614원","50,000원","5,000원"
854,20,25,31,32,36,43,3,"3,421,706,750원","77,766,063원","1,834,696원","50,000원","5,000원"
853,2,8,23,26,27,44,13,"2,885,006,786원","37,398,237원","1,667,910원","50,000원","5,000원"
852,11,17,28,30,33,35,9,"4,801,543,407원","47,776,552원","1,375,013원","50,000원","5,000원"
851,14,18,22,26,31,44,40,"2,483,692,313원","47,308,425원","1,576,197원","50,000원","5,000원"
850,16,20,24,28,36,39,5,"3,377,587,875원","61,410,689원","1,669,594원","50,000원","5,000원"
849,5,13,17,29,34,39,3,"1,158,252,883원","58,602,081원","1,223,608원","50,000원","5,000원"
848,1,2,16,22,38,39,34,"3,011,580,858원","83,655,024원","1,665,961원","50,000원","5,000원"
847,12,16,26,28,30,42,22,"2,520,846,657원","84,028,222원","1,375,821원","50,000원","5,000원"
846,5,18,30,41,43,45,13,"1,596,884,395원","50,143,713원","1,732,557원","50,000원","5,000원"
845,1,16,29,33,40,45,6,"1,891,217,182원","61,914,849원","1,701,292원","50,000원","5,000원"
844,7,8,13,15,33,45,18,"1,162,963,542원","47,793,023원","1,450,080원","50,000원","5,000원"
843,19,21,30,33,34,42,4,"4,012,970,100원","64,310,419원","1,670,401원","50,000원","5,000원"
842,14,26,32,36,39,42,38,"2,035,475,025원","80,772,819원","1,663,786원","50,000원","5,000원"
841,5,11,14,30,33,38,24,"1,116,095,714원","35,934,900원","1,269,989원","50,000원","5,000원"
840,2,4,11,28,29,43,27,"2,042,961,788원","66,763,458원","1,496,676원","50,000원","5,000원"
839,3,9,11,12,13,19,35,"1,359,454,904원","61,364,284원","1,105,663원","50,000원","5,000원"
838,9,14,17,33,36,38,20,"3,813,733,050원","46,736,925원","1,431,582원","50,000원","5,000원"
837,2,25,28,30,33,45,6,"3,144,449,125원","66,903,173원","1,562,848원","50,000원","5,000원"
836,1,9,11,14,26,28,19,"1,257,843,670원","47,338,203원","1,316,130원","50,000원","5,000원"
835,9,10,13,28,38,45,35,"1,233,681,125원","53,175,911원","1,337,469원","50,000원","5,000원"
834,6,8,18,35,42,43,3,"1,690,693,671원","65,949,044원","1,575,804원","50,000원","5,000원"
833,12,18,30,39,41,42,19,"2,356,317,282원","59,278,423원","1,615,299원","50,000원","5,000원"
832,13,14,19,26,40,43,30,"2,088,204,584원","52,205,115원","1,465,750원","50,000원","5,000원"
831,3,10,16,19,31,39,9,"1,110,702,258원","48,555,290원","1,113,486원","50,000원","5,000원"
830,5,6,16,18,37,38,17,"2,060,528,750원","38,634,915원","1,442,948원","50,000원","5,000원"
829,4,5,31,35,43,45,29,"2,444,650,641원","72,434,094원","1,774,379원","50,000원","5,000원"
828,4,7,13,29,31,39,18,"1,455,185,972원","50,853,274원","1,602,085원","50,000원","5,000원"
827,5,11,12,29,33,44,14,"1,206,500,375원","65,570,673원","1,427,474원","50,000원","5,000원"
826,13,16,24,25,33,36,42,"2,075,192,084원","66,229,535원","1,394,619원","50,000원","5,000원"
825,8,15,21,31,33,38,42,"1,658,710,563원","62,592,852원","1,475,065원","50,000원","5,000원"
824,7,9,24,29,34,38,26,"1,256,646,550원","61,600,322원","1,491,746원","50,000원","5,000원"
823,12,18,24,26,39,40,15,"2,009,843,917원","49,422,392원","1,283,972원","50,000원","5,000원"
822,9,18,20,24,27,36,12,"5,930,898,625원","37,537,334원","1,377,357원","50,000원","5,000원"
821,1,12,13,24,29,44,16,"1,316,155,956원","55,836,920원","1,462,396원","50,000원","5,000원"
820,10,21,22,30,35,42,6,"4,627,313,532원","51,414,595원","1,552,530원","50,000원","5,000원"
819,16,25,33,38,40,45,15,"2,594,534,840원","61,774,640원","1,527,995원","50,000원","5,000원"
818,14,15,25,28,29,30,3,"1,380,804,318원","76,711,351원","1,621,541원","50,000원","5,000원"
817,3,9,12,13,25,43,34,"1,868,477,334원","51,902,149원","1,355,279원","50,000원","5,000원"
816,12,18,19,29,31,39,7,"2,128,107,938원","42,350,407원","1,374,747원","50,000원","5,000원"
815,17,21,25,26,27,36,4,"2,579,855,358원","77,175,161원","1,767,371원","50,000원","5,000원"
814,2,21,28,38,42,45,30,"3,067,192,063원","58,984,463원","1,673,319원","50,000원","5,000원"
813,11,30,34,35,42,44,27,"4,591,763,157원","71,190,127원","1,700,654원","50,000원","5,000원"
812,1,3,12,14,16,43,10,"2,947,954,750원","43,352,276원","1,491,880원","50,000원","5,000원"
811,8,11,19,21,36,45,25,"2,524,148,197원","60,098,767원","1,369,057원","50,000원","5,000원"
810,5,10,13,21,39,43,11,"2,231,598,047원","46,491,626원","1,449,325원","50,000원","5,000원"
809,6,11,15,17,23,40,39,"2,921,372,750원","52,167,371원","1,340,695원","50,000원","5,000원"
808,15,21,31,32,41,43,24,"3,087,620,500원","67,122,185원","1,573,711원","50,000원","5,000원"
807,6,10,18,25,34,35,33,"2,437,662,322원","48,202,363원","1,226,365원","50,000원","5,000원"
806,14,20,23,31,37,38,27,"2,640,760,875원","54,050,662원","1,665,345원","50,000원","5,000원"
805,3,12,13,18,31,32,42,"4,266,061,969원","53,661,157원","1,370,623원","50,000원","5,000원"
804,1,10,13,26,32,36,9,"1,631,996,523원","61,061,095원","1,460,935원","50,000원","5,000원"
803,5,9,14,26,30,43,2,"3,663,810,225원","61,063,504원","1,458,059원","50,000원","5,000원"
802,10,11,12,18,24,42,27,"1,082,947,993원","43,102,408원","1,308,501원","50,000원","5,000원"
801,17,25,28,37,43,44,2,"2,256,786,657원","59,000,959원","1,505,278원","50,000원","5,000원"
800,1,4,10,12,28,45,26,"1,632,246,205원","58,675,518원","1,373,315원","50,000원","5,000원"
799,12,17,23,34,42,45,33,"1,826,427,225원","54,357,954원","1,357,737원","50,000원","5,000원"
798,2,10,14,22,32,36,41,"2,710,791,911원","52,709,843원","1,488,979원","50,000원","5,000원"
797,5,22,31,32,39,45,36,"2,397,028,125원","94,001,103원","1,710,941원","50,000원","5,000원"
796,1,21,26,36,40,41,5,"2,763,490,340원","70,088,524원","1,678,331원","50,000원","5,000원"
795,3,10,13,26,34,38,36,"1,714,977,000원","50,711,686원","1,297,617원","50,000원","5,000원"
794,6,7,18,19,30,38,13,"2,650,940,304원","68,728,082원","1,186,331원","50,000원","5,000원"
793,10,15,21,35,38,43,31,"3,750,146,775원","51,231,514원","1,529,674원","50,000원","5,000원"
792,2,7,19,25,29,36,16,"2,655,736,768원","47,667,071원","1,582,411원","50,000원","5,000원"
791,2,10,12,31,33,42,32,"1,253,081,893원","76,943,625원","1,213,219원","50,000원","5,000원"
790,3,8,19,27,30,41,12,"1,160,516,274원","52,452,713원","1,280,394원","50,000원","5,000원"
789,2,6,7,12,19,45,38,"1,140,976,825원","40,749,173원","1,170,473원","50,000원","5,000원"
788,2,10,11,19,35,39,29,"1,401,475,154원","43,378,993원","1,345,384원","50,000원","5,000원"
787,5,6,13,16,27,28,9,"3,092,108,313원","60,629,575원","1,321,979원","50,000원","5,000원"
786,12,15,16,20,24,30,38,"4,551,365,250원","31,606,704원","1,470,080원","50,000원","5,000원"
785,4,6,15,25,26,33,40,"2,886,622,688원","52,484,049원","1,463,805원","50,000원","5,000원"
784,3,10,23,24,31,39,22,"1,908,678,000원","56,137,589원","1,268,506원","50,000원","5,000원"
783,14,15,16,17,38,45,36,"4,603,964,625원","85,258,605원","1,642,221원","50,000원","5,000원"
782,6,18,31,34,38,45,20,"1,946,487,625원","59,586,356원","1,426,347원","50,000원","5,000원"
781,11,16,18,19,24,39,43,"1,882,891,542원","54,314,180원","1,435,861원","50,000원","5,000원"
780,15,17,19,21,27,45,16,"1,667,520,137원","67,936,006원","1,818,632원","50,000원","5,000원"
779,6,12,19,24,34,41,4,"1,527,709,296원","42,436,370원","1,118,978원","50,000원","5,000원"
778,6,21,35,36,37,41,11,"6,264,069,500원","46,746,788원","1,809,379원","50,000원","5,000원"
777,6,12,17,21,34,37,18,"833,468,036원","44,199,063원","1,208,926원","50,000원","5,000원"
776,8,9,18,21,28,40,20,"2,557,579,393원","59,676,853원","1,491,176원","50,000원","5,000원"
775,11,12,29,33,38,42,17,"3,470,437,650원","78,163,011원","1,682,392원","50,000원","5,000원"
774,12,15,18,28,34,42,9,"1,709,721,512원","52,241,491원","1,602,500원","50,000원","5,000원"
773,8,12,19,21,31,35,44,"1,609,403,080원","50,871,937원","1,409,061원","50,000원","5,000원"
772,5,6,11,14,21,41,32,"1,769,608,838원","55,648,077원","1,455,032원","50,000원","5,000원"
771,6,10,17,18,21,29,30,"4,362,644,907원","59,355,714원","1,415,984원","50,000원","5,000원"
770,1,9,12,23,39,43,34,"2,163,099,329원","38,455,100원","1,252,882원","50,000원","5,000원"
769,5,7,11,16,41,45,4,"1,930,760,042원","52,657,093원","1,476,117원","50,000원","5,000원"
768,7,27,29,30,38,44,4,"1,363,572,260원","55,743,521원","1,597,841원","50,000원","5,000원"
767,5,15,20,31,34,42,22,"1,163,768,725원","63,248,301원","1,527,256원","50,000원","5,000원"
766,9,30,34,35,39,41,21,"2,173,637,297원","70,687,392원","1,671,386원","50,000원","5,000원"
765,1,3,8,12,42,43,33,"1,109,214,250원","51,352,512원","1,307,419원","50,000원","5,000원"
764,7,22,24,31,34,36,15,"2,459,975,465원","65,226,623원","1,504,178원","50,000원","5,000원"
763,3,8,16,32,34,43,10,"2,138,130,000원","63,352,000원","1,412,006원","50,000원","5,000원"
762,1,3,12,21,26,41,16,"1,631,432,063원","51,302,896원","1,330,261원","50,000원","5,000원"
761,4,7,11,24,42,45,30,"2,392,730,518원","53,683,057원","1,305,058원","50,000원","5,000원"
760,10,22,27,31,42,43,12,"2,253,299,391원","66,764,427원","1,717,782원","50,000원","5,000원"
759,9,33,36,40,42,43,32,"3,032,670,500원","68,924,330원","1,722,130원","50,000원","5,000원"
758,5,9,12,30,39,43,24,"2,078,969,954원","43,999,365원","1,277,401원","50,000원","5,000원"
757,6,7,11,17,33,44,1,"739,839,858원","38,079,993원","974,573원","50,000원","5,000원"
756,10,14,16,18,27,28,4,"3,414,434,700원","53,686,081원","1,524,846원","50,000원","5,000원"
755,13,14,26,28,30,36,37,"2,214,427,266원","54,677,217원","1,600,309원","50,000원","5,000원"
754,2,8,17,24,29,31,32,"3,427,542,000원","57,125,700원","1,538,947원","50,000원","5,000원"
753,2,17,19,24,37,41,3,"2,711,105,063원","46,743,191원","1,401,813원","50,000원","5,000원"
752,4,16,20,33,40,43,7,"1,870,358,834원","37,407,177원","1,377,966원","50,000원","5,000원"
751,3,4,16,20,28,44,17,"2,097,968,110원","40,540,447원","1,265,743원","50,000원","5,000원"
750,1,2,15,19,24,36,12,"2,522,104,286원","66,873,978원","1,653,994원","50,000원","5,000원"
749,12,14,24,26,34,45,41,"1,350,104,395원","45,706,660원","1,473,666원","50,000원","5,000원"
748,3,10,13,22,31,32,29,"1,928,246,542원","49,023,218원","1,493,222원","50,000원","5,000원"
747,7,9,12,14,23,28,17,"1,903,214,584원","48,386,812원","1,287,696원","50,000원","5,000원"
746,3,12,33,36,42,45,25,"2,038,623,709원","52,723,027원","1,606,059원","50,000원","5,000원"
745,1,2,3,9,12,23,10,"746,822,982원","22,631,000원","674,272원","50,000원","5,000원"
744,10,15,18,21,34,41,43,"1,155,411,575원","47,352,934원","1,039,414원","50,000원","5,000원"
743,15,19,21,34,41,44,10,"2,608,641,000원","66,161,185원","1,535,527원","50,000원","5,000원"
742,8,10,13,36,37,40,6,"1,111,814,813원","67,382,716원","1,492,870원","50,000원","5,000원"
741,5,21,27,34,44,45,16,"3,043,595,938원","55,338,108원","1,664,077원","50,000원","5,000원"
740,4,8,9,16,17,19,31,"936,929,792원","65,367,195원","1,148,668원","50,000원","5,000원"
739,7,22,29,33,34,35,30,"4,744,122,282원","70,283,294원","1,628,604원","50,000원","5,000원"
738,23,27,28,38,42,43,36,"1,634,191,091원","62,417,021원","1,826,840원","50,000원","5,000원"
737,13,15,18,24,27,41,11,"4,283,061,000원","59,486,959원","1,474,122원","50,000원","5,000원"
736,2,11,17,18,21,27,6,"3,397,362,225원","52,428,430원","1,258,283원","50,000원","5,000원"
735,5,10,13,27,37,41,4,"1,847,231,588원","61,574,387원","1,356,862원","50,000원","5,000원"
734,6,16,37,38,41,45,18,"1,949,395,500원","81,224,813원","1,663,307원","50,000원","5,000원"
733,11,24,32,33,35,40,13,"4,016,725,125원","46,979,242원","1,362,064원","50,000원","5,000원"
732,2,4,5,17,27,32,43,"2,203,270,608원","57,121,831원","1,247,202원","50,000원","5,000원"
731,2,7,13,25,42,45,39,"2,340,471,054원","60,678,880원","1,431,106원","50,000원","5,000원"
730,4,10,14,15,18,22,39,"2,017,382,110원","59,774,285원","1,544,999원","50,000원","5,000원"
729,11,17,21,26,36,45,16,"4,198,250,719원","79,966,681원","1,492,712원","50,000원","5,000원"
728,3,6,10,30,34,37,36,"3,243,464,400원","48,265,840원","1,446,168원","50,000원","5,000원"
727,7,8,10,19,21,31,20,"1,115,107,742원","29,907,105원","1,260,620원","50,000원","5,000원"
726,1,11,21,23,34,44,24,"1,166,872,634원","48,619,694원","1,297,143원","50,000원","5,000원"
725,6,7,19,21,41,43,38,"1,579,217,250원","61,600,673원","1,612,943원","50,000원","5,000원"
724,2,8,33,35,37,41,14,"1,427,789,813원","51,919,630원","1,557,873원","50,000원","5,000원"
723,20,30,33,35,36,44,22,"2,114,365,360원","70,478,846원","1,586,469원","50,000원","5,000원"
722,12,14,21,30,39,43,45,"4,365,422,719원","63,266,996원","1,724,101원","50,000원","5,000원"
721,1,28,35,41,43,44,31,"2,273,767,360원","75,792,246원","1,886,553원","50,000원","5,000원"
720,1,12,29,34,36,37,41,"1,233,770,358원","77,805,338원","1,619,122원","50,000원","5,000원"
719,4,8,13,19,20,43,26,"1,879,581,334원","48,609,863원","1,395,729원","50,000원","5,000원"
718,4,11,20,23,32,39,40,"926,166,464원","41,002,162원","1,091,572원","50,000원","5,000원"
717,2,11,19,25,28,32,44,"2,702,433,688원","57,498,590원","1,369,015원","50,000원","5,000원"
716,2,6,13,16,29,30,21,"1,358,752,157원","77,642,981원","1,559,096원","50,000원","5,000원"
715,2,7,27,33,41,44,10,"2,605,510,438원","42,713,286원","1,391,090원","50,000원","5,000원"
714,1,7,22,33,37,40,20,"2,085,131,733원","52,883,776원","1,198,943원","50,000원","5,000원"
713,2,5,15,18,19,23,44,"1,714,720,917원","51,441,628원","1,436,115원","50,000원","5,000원"
712,17,20,30,31,33,45,19,"4,034,485,125원","57,226,740원","1,557,416원","50,000원","5,000원"
711,11,15,24,35,37,45,42,"2,277,413,358원","60,385,961원","1,424,656원","50,000원","5,000원"
710,3,4,9,24,25,33,10,"2,895,441,150원","42,331,011원","1,212,497원","50,000원","5,000원"
709,10,18,30,36,39,44,32,"1,165,271,625원","61,794,708원","1,603,165원","50,000원","5,000원"
708,2,10,16,19,34,45,1,"4,099,552,219원","52,558,362원","1,596,399원","50,000원","5,000원"
707,2,12,19,24,39,44,35,"1,322,167,313원","35,734,252원","1,318,213원","50,000원","5,000원"
706,3,4,6,10,28,30,37,"3,831,746,063원","50,088,184원","1,211,811원","50,000원","5,000원"
705,1,6,17,22,28,45,23,"3,987,206,532원","54,247,708원","1,472,653원","50,000원","5,000원"
704,1,4,8,23,33,42,45,"3,865,190,344원","54,825,395원","1,351,938원","50,000원","5,000원"
703,10,28,31,33,41,44,21,"3,235,784,100원","52,872,290원","1,568,637원","50,000원","5,000원"
702,3,13,16,24,26,29,9,"1,465,091,387원","58,391,324원","1,476,636원","50,000원","5,000원"
701,3,10,14,16,36,38,35,"1,583,183,175원","65,965,966원","1,590,500원","50,000원","5,000원"
700,11,23,28,29,30,44,13,"2,082,099,188원","67,710,543원","1,777,294원","50,000원","5,000원"
699,4,5,8,16,21,29,3,"1,995,411,375원","53,210,970원","1,478,905원","50,000원","5,000원"
698,3,11,13,21,33,37,18,"1,921,084,125원","53,363,448원","1,226,746원","50,000원","5,000원"
697,2,5,8,11,33,39,31,"1,531,443,038원","28,360,057원","1,315,673원","50,000원","5,000원"
696,1,7,16,18,34,38,21,"1,632,054,413원","61,820,243원","1,580,530원","50,000원","5,000원"
695,4,18,26,33,34,38,14,"1,450,214,830원","40,283,746원","1,343,471원","50,000원","5,000원"
694,7,15,20,25,33,43,12,"1,555,036,388원","33,227,274원","1,133,739원","50,000원","5,000원"
693,1,6,11,28,34,42,30,"1,642,763,813원","63,673,016원","1,618,168원","50,000원","5,000원"
692,3,11,14,15,32,36,44,"2,301,273,697원","61,018,621원","1,516,848원","50,000원","5,000원"
691,15,27,33,35,43,45,16,"2,839,296,750원","91,590,218원","1,662,352원","50,000원","5,000원"
690,24,25,33,34,38,39,43,"1,126,507,625원","82,831,444원","1,589,317원","50,000원","5,000원"
689,7,17,19,30,36,38,34,"2,321,775,911원","61,562,241원","1,497,368원","50,000원","5,000원"
688,5,15,22,23,34,35,2,"1,967,536,750원","55,685,003원","1,400,715원","50,000원","5,000원"
687,1,8,10,13,28,42,45,"2,720,029,313원","71,579,719원","1,528,107원","50,000원","5,000원"
686,7,12,15,24,25,43,13,"1,937,531,719원","71,760,435원","1,386,676원","50,000원","5,000원"
685,6,7,12,28,38,40,18,"1,494,367,671원","52,686,040원","1,434,385원","50,000원","5,000원"
684,1,11,15,17,25,39,40,"1,688,815,709원","40,858,445원","1,287,208원","50,000원","5,000원"
683,6,13,20,27,28,40,15,"1,010,930,883원","59,907,016원","996,974원","50,000원","5,000원"
682,17,23,27,35,38,43,2,"4,063,713,563원","48,377,543원","1,463,611원","50,000원","5,000원"
681,21,24,27,29,43,44,7,"2,696,328,938원","72,873,756원","1,871,152원","50,000원","5,000원"
680,4,10,19,29,32,42,30,"1,110,570,563원","58,893,894원","1,385,739원","50,000원","5,000원"
679,3,5,7,14,26,34,35,"2,863,005,600원","44,182,186원","1,304,450원","50,000원","5,000원"
678,4,5,6,12,25,37,45,"2,288,490,188원","55,816,834원","1,233,688원","50,000원","5,000원"
677,12,15,24,36,41,44,42,"1,921,114,407원","69,229,348원","1,505,871원","50,000원","5,000원"
676,1,8,17,34,39,45,27,"1,879,726,500원","39,782,572원","1,505,287원","50,000원","5,000원"
675,1,8,11,15,18,45,7,"3,514,549,032원","36,046,657원","1,297,361원","50,000원","5,000원"
674,9,10,14,25,27,31,11,"1,770,565,500원","49,182,375원","1,278,849원","50,000원","5,000원"
673,7,10,17,29,33,44,5,"1,491,453,300원","71,021,586원","1,333,560원","50,000원","5,000원"
672,8,21,28,31,36,45,43,"1,754,745,000원","57,219,946원","1,615,788원","50,000원","5,000원"
671,7,9,10,13,31,35,24,"3,722,322,844원","51,698,929원","1,395,697원","50,000원","5,000원"
670,11,18,26,27,40,41,25,"1,191,725,219원","61,114,114원","1,111,166원","50,000원","5,000원"
669,7,8,20,29,33,38,9,"2,708,173,188원","52,080,254원","1,389,520원","50,000원","5,000원"
668,12,14,15,24,27,32,3,"2,991,158,625원","44,511,290원","1,330,824원","50,000원","5,000원"
667,15,17,25,37,42,43,13,"2,228,764,393원","65,005,629원","1,685,176원","50,000원","5,000원"
666,2,4,6,11,17,28,16,"2,396,901,063원","50,997,895원","1,231,074원","50,000원","5,000원"
665,5,6,11,17,38,44,13,"3,643,230,375원","80,960,675원","1,356,883원","50,000원","5,000원"
664,10,20,33,36,41,44,5,"1,536,801,338원","58,212,172원","1,674,076원","50,000원","5,000원"
663,3,5,8,19,38,42,20,"2,080,244,143원","40,449,192원","1,491,673원","50,000원","5,000원"
662,5,6,9,11,15,37,26,"1,689,733,688원","52,394,844원","1,260,761원","50,000원","5,000원"
661,2,3,12,20,27,38,40,"1,713,025,547원","36,254,509원","1,248,107원","50,000원","5,000원"
660,4,9,23,33,39,44,14,"1,421,272,575원","49,349,743원","1,214,141원","50,000원","5,000원"
659,7,18,19,27,29,42,45,"1,336,604,216원","61,261,027원","1,388,352원","50,000원","5,000원"
658,8,19,25,28,32,36,37,"1,634,031,375원","64,501,239원","1,460,696원","50,000원","5,000원"
657,10,14,19,39,40,43,23,"1,694,762,792원","48,887,389원","1,627,494원","50,000원","5,000원"
656,3,7,14,16,31,40,39,"7,330,002,750원","50,902,797원","1,398,589원","50,000원","5,000원"
655,7,37,38,39,40,44,18,"1,661,439,625원","60,784,377원","1,547,926원","50,000원","5,000원"
654,16,21,26,31,36,43,6,"1,879,301,391원","36,315,003원","1,402,203원","50,000원","5,000원"
653,5,6,26,27,38,39,1,"980,958,670원","40,873,278원","1,146,172원","50,000원","5,000원"
652,3,13,15,40,41,44,20,"3,003,483,525원","69,525,082원","1,664,165원","50,000원","5,000원"
651,11,12,16,26,29,44,18,"1,855,306,454원","70,678,342원","1,468,968원","50,000원","5,000원"
650,3,4,7,11,31,41,35,"2,849,298,900원","52,764,795원","1,308,940원","50,000원","5,000원"
649,3,21,22,33,41,42,20,"2,948,042,100원","54,593,373원","1,454,531원","50,000원","5,000원"
648,13,19,28,37,38,43,4,"2,120,987,947원","54,988,577원","1,517,159원","50,000원","5,000원"
647,5,16,21,23,24,30,29,"2,189,725,608원","58,060,907원","1,600,677원","50,000원","5,000원"
646,2,9,24,41,43,45,30,"2,215,498,393원","71,798,560원","1,698,258원","50,000원","5,000원"
645,1,4,16,26,40,41,31,"3,696,297,750원","88,007,090원","1,395,356원","50,000원","5,000원"
644,5,13,17,23,28,36,8,"1,831,451,204원","49,835,407원","1,299,593원","50,000원","5,000원"
643,15,24,31,32,33,40,13,"2,535,763,625원","58,971,248원","1,662,796원","50,000원","5,000원"
642,8,17,18,24,39,45,32,"1,251,460,438원","40,369,692원","1,379,020원","50,000원","5,000원"
641,11,18,21,36,37,43,12,"1,990,074,563원","53,068,655원","1,695,485원","50,000원","5,000원"
640,14,15,18,21,26,35,23,"1,728,768,834원","54,024,027원","1,582,156원","50,000원","5,000원"
639,6,15,22,23,25,32,40,"4,061,185,219원","60,165,707원","1,663,058원","50,000원","5,000원"
638,7,18,22,24,31,34,6,"2,229,403,179원","63,438,302원","1,513,072원","50,000원","5,000원"
637,3,16,22,37,38,44,23,"3,899,241,094원","57,766,535원","1,587,963원","50,000원","5,000원"
636,6,7,15,16,20,31,26,"1,832,362,219원","55,526,128원","1,238,292원","50,000원","5,000원"
635,11,13,25,26,29,33,32,"1,855,587,235원","70,689,038원","1,499,465원","50,000원","5,000원"
634,4,10,11,12,20,27,38,"1,077,935,106원","43,250,483원","1,057,757원","50,000원","5,000원"
633,9,12,19,20,39,41,13,"1,217,257,094원","51,798,175원","1,360,825원","50,000원","5,000원"
632,15,18,21,32,35,44,6,"1,432,587,716원","50,507,901원","1,596,603원","50,000원","5,000원"
631,1,2,4,23,31,34,8,"3,919,853,532원","56,809,472원","1,559,210원","50,000원","5,000원"
630,8,17,21,24,27,31,15,"4,836,305,500원","50,378,183원","1,482,620원","50,000원","5,000원"
629,19,28,31,38,43,44,1,"2,919,433,575원","71,554,745원","1,841,682원","50,000원","5,000원"
628,1,7,12,15,23,42,11,"1,499,942,875원","60,808,495원","1,382,012원","50,000원","5,000원"
627,2,9,22,25,31,45,12,"1,352,230,650원","64,391,936원","1,471,096원","50,000원","5,000원"
626,13,14,26,33,40,43,15,"1,717,871,110원","50,899,885원","1,296,996원","50,000원","5,000원"
625,3,6,7,20,21,39,13,"2,765,184,675원","51,207,124원","1,393,181원","50,000원","5,000원"
624,1,7,19,26,27,35,16,"2,763,729,450원","37,755,867원","1,463,220원","50,000원","5,000원"
623,7,13,30,39,41,45,25,"1,813,702,594원","69,093,433원","1,660,900원","50,000원","5,000원"
622,9,15,16,21,28,34,24,"1,630,598,292원","71,938,160원","1,501,472원","50,000원","5,000원"
621,1,2,6,16,19,42,9,"2,359,723,500원","38,060,057원","1,517,508원","50,000원","5,000원"
620,2,16,17,32,39,45,40,"2,028,283,233원","53,780,238원","1,424,643원","50,000원","5,000원"
619,6,8,13,30,35,40,21,"4,612,479,375원","39,088,809원","1,347,103원","50,000원","5,000원"
618,8,16,25,30,42,43,15,"2,881,326,225원","53,357,894원","1,518,726원","50,000원","5,000원"
617,4,5,11,12,24,27,28,"1,629,701,860원","50,533,391원","1,090,284원","50,000원","5,000원"
616,5,13,18,23,40,45,3,"1,611,811,250원","49,341,161원","1,422,187원","50,000원","5,000원"
615,10,17,18,19,23,27,35,"1,535,062,417원","74,277,214원","1,378,799원","50,000원","5,000원"
614,8,21,25,39,40,44,18,"2,540,975,438원","55,238,597원","1,668,402원","50,000원","5,000원"
613,7,8,11,16,41,44,35,"1,549,831,209원","77,491,561원","1,511,539원","50,000원","5,000원"
612,6,9,18,19,25,33,40,"1,181,705,250원","36,719,655원","1,181,921원","50,000원","5,000원"
611,2,22,27,33,36,37,14,"3,502,706,157원","49,683,776원","1,571,425원","50,000원","5,000원"
610,14,18,20,23,28,36,33,"3,516,018,375원","68,941,537원","1,676,690원","50,000원","5,000원"
609,4,8,27,34,39,40,13,"6,339,311,438원","44,959,656원","1,303,581원","50,000원","5,000원"
608,4,8,18,19,39,44,41,"1,943,530,018원","70,857,866원","1,495,681원","50,000원","5,000원"
607,8,14,23,36,38,39,13,"3,494,480,907원","66,561,542원","1,608,878원","50,000원","5,000원"
606,1,5,6,14,20,39,22,"1,311,566,850원","49,680,563원","1,417,604원","50,000원","5,000원"
605,1,2,7,9,10,38,42,"1,394,232,250원","52,283,710원","914,851원","50,000원","5,000원"
604,2,6,18,21,33,34,30,"1,229,141,557원","62,595,172원","1,553,016원","50,000원","5,000원"
603,2,19,25,26,27,43,28,"3,452,136,563원","76,714,146원","1,688,500원","50,000원","5,000원"
602,13,14,22,27,30,38,2,"1,689,530,860원","53,635,901원","1,344,901원","50,000원","5,000원"
601,2,16,19,31,34,35,37,"1,524,565,209원","81,673,137원","1,508,475원","50,000원","5,000원"
600,5,11,14,27,29,36,44,"901,798,725원","54,987,728원","1,485,176원","50,000원","5,000원"
599,5,12,17,29,34,35,27,"1,710,918,329원","53,051,732원","1,353,843원","50,000원","5,000원"
598,4,12,24,33,38,45,22,"833,998,594원","44,479,925원","1,083,291원","50,000원","5,000원"
597,8,10,23,24,35,43,37,"1,057,920,606원","49,829,594원","1,496,189원","50,000원","5,000원"
596,3,4,12,14,25,43,17,"1,328,267,663원","53,994,621원","1,340,872원","50,000원","5,000원"
595,8,24,28,35,38,40,5,"1,744,525,219원","43,074,697원","1,549,656원","50,000원","5,000원"
594,2,8,13,25,28,37,3,"1,255,592,796원","54,807,623원","1,315,383원","50,000원","5,000원"
593,9,10,13,24,33,38,28,"1,532,833,500원","37,084,682원","1,264,715원","50,000원","5,000원"
592,2,5,6,13,28,44,43,"2,356,381,688원","84,156,489원","1,675,948원","50,000원","5,000원"
591,8,13,14,30,38,39,5,"2,964,676,200원","65,014,829원","1,665,923원","50,000원","5,000원"
590,20,30,36,38,41,45,23,"2,185,183,983원","82,238,107원","1,860,863원","50,000원","5,000원"
589,6,8,28,33,38,39,22,"2,136,877,983원","59,357,722원","1,599,118원","50,000원","5,000원"
588,2,8,15,22,25,41,30,"2,889,342,075원","55,995,002원","1,436,626원","50,000원","5,000원"
587,14,21,29,31,32,37,17,"4,974,577,375원","57,843,923원","1,730,890원","50,000원","5,000원"
586,2,7,12,15,21,34,5,"1,778,354,344원","51,546,503원","1,510,280원","50,000원","5,000원"
585,6,7,10,16,38,41,4,"1,620,546,334원","54,018,212원","1,590,851원","50,000원","5,000원"
584,7,18,30,39,40,41,36,"5,033,183,250원","78,643,489원","1,718,984원","50,000원","5,000원"
583,8,17,27,33,40,44,24,"1,341,848,353원","48,236,379원","1,347,238원","50,000원","5,000원"
582,2,12,14,33,40,41,25,"3,560,558,719원","41,643,962원","1,455,369원","50,000원","5,000원"
581,3,5,14,20,42,44,33,"1,844,554,547원","63,061,694원","1,777,028원","50,000원","5,000원"
580,5,7,9,11,32,35,33,"2,028,610,500원","56,350,292원","1,421,449원","50,000원","5,000원"
579,5,7,20,22,37,42,39,"1,396,068,444원","55,640,409원","1,446,840원","50,000원","5,000원"
578,5,12,14,32,34,42,16,"2,796,466,575원","54,195,089원","1,442,966원","50,000원","5,000원"
577,16,17,22,31,34,37,33,"4,484,438,375원","53,386,172원","1,469,345원","50,000원","5,000원"
576,10,11,15,25,35,41,13,"4,321,966,000원","40,018,204원","1,384,359원","50,000원","5,000원"
575,2,8,20,30,33,34,6,"1,699,267,875원","50,348,678원","1,522,642원","50,000원","5,000원"
574,14,15,16,19,25,43,2,"6,965,184,938원","70,355,404원","1,844,106원","50,000원","5,000원"
573,2,4,20,34,35,43,14,"1,645,691,766원","43,885,114원","1,352,809원","50,000원","5,000원"
572,3,13,18,33,37,45,1,"1,668,216,188원","41,967,703원","1,282,750원","50,000원","5,000원"
571,11,18,21,26,38,43,29,"1,966,538,465원","69,524,088원","1,523,437원","50,000원","5,000원"
570,1,12,26,27,29,33,42,"1,527,791,625원","60,307,565원","1,456,890원","50,000원","5,000원"
569,3,6,13,23,24,35,1,"3,467,925,188원","64,220,837원","1,355,188원","50,000원","5,000원"
568,1,3,17,20,31,44,40,"1,305,167,550원","43,505,585원","1,179,014원","50,000원","5,000원"
567,1,10,15,16,32,41,28,"2,318,659,438원","43,748,292원","1,498,811원","50,000원","5,000원"
566,4,5,6,25,26,43,41,"3,508,951,032원","66,837,163원","1,504,374원","50,000원","5,000원"
565,4,10,18,27,40,45,38,"1,742,064,469원","59,557,760원","1,244,777원","50,000원","5,000원"
564,14,19,25,26,27,34,2,"1,934,801,143원","70,539,625원","1,368,871원","50,000원","5,000원"
563,5,10,16,17,31,32,21,"1,932,735,643원","59,338,375원","1,373,239원","50,000원","5,000원"
562,4,11,13,17,20,31,33,"1,166,694,614원","41,940,003원","1,195,607원","50,000원","5,000원"
561,5,7,18,37,42,45,20,"2,753,712,225원","55,969,761원","1,600,252원","50,000원","5,000원"
560,1,4,20,23,29,45,28,"1,976,697,215원","57,653,669원","1,562,431원","50,000원","5,000원"
559,11,12,25,32,44,45,23,"1,926,145,608원","53,504,045원","1,434,975원","50,000원","5,000원"
558,12,15,19,26,40,43,29,"1,315,913,663원","43,003,715원","1,557,663원","50,000원","5,000원"
557,4,20,26,28,35,40,31,"1,888,069,286원","51,226,687원","1,465,568원","50,000원","5,000원"
556,12,20,23,28,30,44,43,"2,005,209,161원","57,058,798원","1,657,981원","50,000원","5,000원"
555,11,17,21,24,26,36,12,"1,711,027,360원","49,594,996원","1,468,063원","50,000원","5,000원"
554,13,14,17,32,41,42,6,"6,813,893,625원","55,397,510원","1,530,525원","50,000원","5,000원"
553,2,7,17,28,29,39,37,"2,249,631,438원","43,262,144원","1,365,897원","50,000원","5,000원"
552,1,10,20,32,35,40,43,"1,330,824,225원","49,289,787원","1,226,793원","50,000원","5,000원"
551,3,6,20,24,27,44,25,"13,526,973,750원","70,452,989원","1,565,622원","50,000원","5,000원"
550,1,7,14,20,34,37,41,"1,118,679,205원","35,360,550원","751,801원","50,000원","5,000원"
549,29,31,35,38,40,44,17,"1,760,805,047원","67,078,288원","1,578,844원","50,000원","5,000원"
548,1,12,13,21,32,45,14,"1,736,871,891원","50,344,113원","1,406,944원","50,000원","5,000원"
547,6,7,15,22,34,39,28,"2,838,444,450원","43,803,156원","1,528,018원","50,000원","5,000원"
546,8,17,20,27,37,43,6,"405,939,950원","36,903,632원","652,637원","50,000원","5,000원"
545,4,24,25,27,34,35,2,"1,198,994,353원","52,337,056원","1,468,375원","50,000원","5,000원"
544,5,17,21,25,36,44,10,"1,046,388,433원","48,237,765원","1,484,725원","50,000원","5,000원"
543,13,18,26,31,34,44,12,"1,112,934,844원","47,358,930원","1,131,032원","50,000원","5,000원"
542,5,6,19,26,41,45,34,"2,335,152,563원","89,813,561원","1,603,814원","50,000원","5,000원"
541,8,13,26,28,32,34,43,"1,269,327,171원","58,177,496원","1,611,565원","50,000원","5,000원"
540,3,12,13,15,34,36,14,"1,989,365,250원","89,266,390원","1,647,216원","50,000원","5,000원"
539,3,19,22,31,42,43,26,"1,621,036,667원","57,894,167원","1,600,761원","50,000원","5,000원"
538,6,10,18,31,32,34,11,"4,688,021,625원","48,833,559원","1,359,636원","50,000원","5,000원"
537,12,23,26,30,36,43,11,"2,104,038,911원","70,134,631원","1,699,940원","50,000원","5,000원"
536,7,8,18,32,37,43,12,"1,308,523,603원","59,973,999원","1,431,361원","50,000원","5,000원"
535,11,12,14,15,18,39,34,"4,935,603,000원","79,606,500원","1,632,144원","50,000원","5,000원"
534,10,24,26,29,37,38,32,"14,215,763,250원","43,078,071원","1,541,506원","50,000원","5,000원"
533,9,14,15,17,31,33,23,"1,785,671,579원","54,111,260원","1,569,477원","50,000원","5,000원"
532,16,17,23,24,29,44,3,"2,216,896,286원","99,476,116원","1,747,554원","50,000원","5,000원"
531,1,5,9,21,27,35,45,"1,521,519,750원","54,339,992원","1,410,557원","50,000원","5,000원"
530,16,23,27,29,33,41,22,"1,231,656,239원","56,450,911원","1,558,342원","50,000원","5,000원"
529,18,20,24,27,31,42,39,"1,749,114,797원","70,671,305원","1,552,699원","50,000원","5,000원"
528,5,17,25,31,39,40,10,"1,197,889,125원","25,536,397원","1,212,662원","50,000원","5,000원"
527,1,12,22,32,33,42,38,"1,032,386,366원","77,132,315원","1,137,183원","50,000원","5,000원"
526,7,14,17,20,35,39,31,"1,491,031,959원","45,643,836원","1,453,248원","50,000원","5,000원"
525,11,23,26,29,39,44,22,"1,501,132,375원","54,919,478원","1,459,300원","50,000원","5,000원"
524,10,11,29,38,41,45,21,"3,491,695,594원","64,661,030원","1,739,759원","50,000원","5,000원"
523,1,4,37,38,40,45,7,"1,780,355,840원","48,304,229원","1,334,029원","50,000원","5,000원"
522,4,5,13,14,37,41,11,"2,281,623,000원","58,503,154원","1,526,170원","50,000원","5,000원"
521,3,7,18,29,32,36,19,"1,693,420,922원","42,601,785원","1,400,679원","50,000원","5,000원"
520,4,22,27,28,38,40,1,"2,167,205,438원","58,573,120원","1,332,026원","50,000원","5,000원"
519,6,8,13,16,30,43,3,"1,950,601,393원","71,115,676원","1,677,010원","50,000원","5,000원"
518,14,23,30,32,34,38,6,"2,263,804,125원","66,582,475원","1,678,135원","50,000원","5,000원"
517,1,9,12,28,36,41,10,"2,659,057,725원","55,397,036원","1,484,181원","50,000원","5,000원"
516,2,8,23,41,43,44,30,"1,294,190,182원","74,146,313원","1,773,305원","50,000원","5,000원"
515,2,11,12,15,23,37,8,"13,200,466,875원","62,859,367원","1,517,296원","50,000원","5,000원"
514,1,15,20,26,35,42,9,"4,451,055,500원","61,820,216원","1,634,015원","50,000원","5,000원"
513,5,8,21,23,27,33,12,"4,589,624,750원","42,496,526원","1,411,324원","50,000원","5,000원"
512,4,5,9,13,26,27,1,"940,094,452원","39,170,603원","1,210,982원","50,000원","5,000원"
511,3,7,14,23,26,42,24,"2,165,579,250원","58,529,169원","1,420,984원","50,000원","5,000원"
510,12,29,32,33,39,40,42,"2,644,158,150원","88,138,605원","1,670,558원","50,000원","5,000원"
509,12,25,29,35,42,43,24,"2,689,076,100원","65,908,728원","1,824,835원","50,000원","5,000원"
508,5,27,31,34,35,43,37,"1,599,557,860원","68,798,188원","1,336,306원","50,000원","5,000원"
507,12,13,32,33,40,41,4,"1,416,438,875원","73,264,080원","1,442,403원","50,000원","5,000원"
506,6,9,11,22,24,30,31,"4,073,333,875원","61,717,180원","1,282,536원","50,000원","5,000원"
505,7,20,22,25,38,40,44,"1,917,955,188원","50,472,505원","1,331,914원","50,000원","5,000원"
504,6,14,22,26,43,44,31,"1,443,236,959원","74,650,188원","1,672,995원","50,000원","5,000원"
503,1,5,27,30,34,36,40,"1,853,634,911원","51,489,859원","1,673,819원","50,000원","5,000원"
502,6,22,28,32,34,40,26,"2,201,458,125원","71,014,779원","1,485,465원","50,000원","5,000원"
501,1,4,10,17,31,42,2,"3,025,200,094원","33,062,297원","1,230,507원","50,000원","5,000원"
500,3,4,12,20,24,34,41,"1,351,072,375원","29,803,068원","1,106,832원","50,000원","5,000원"
499,5,20,23,27,35,40,43,"4,070,480,250원","44,244,351원","1,344,281원","50,000원","5,000원"
498,13,14,24,32,39,41,3,"3,244,503,094원","61,800,059원","1,621,441원","50,000원","5,000원"
497,19,20,23,24,43,44,13,"2,222,817,813원","74,093,928원","1,936,253원","50,000원","5,000원"
496,4,13,20,29,36,41,39,"3,285,932,250원","47,622,207원","1,577,122원","50,000원","5,000원"
495,4,13,22,27,34,44,6,"2,111,645,000원","47,991,932원","1,346,713원","50,000원","5,000원"
494,5,7,8,15,30,43,22,"1,054,588,407원","52,729,421원","1,370,486원","50,000원","5,000원"
493,20,22,26,33,36,37,25,"1,451,120,334원","80,617,797원","1,621,968원","50,000원","5,000원"
492,22,27,31,35,37,40,42,"2,493,013,800원","51,937,788원","1,448,753원","50,000원","5,000원"
491,8,17,35,36,39,42,4,"3,304,634,438원","71,067,408원","1,619,919원","50,000원","5,000원"
490,2,7,26,29,40,43,42,"1,860,234,161원","74,837,007원","1,599,318원","50,000원","5,000원"
489,2,4,8,15,20,27,11,"2,106,360,625원","40,506,936원","1,369,546원","50,000원","5,000원"
488,2,8,17,30,31,38,25,"1,330,393,575원","67,191,595원","1,648,567원","50,000원","5,000원"
487,4,8,25,27,37,41,21,"1,638,830,766원","47,502,342원","1,376,880원","50,000원","5,000원"
486,1,2,23,25,38,40,43,"1,008,634,125원","75,357,722원","1,455,946원","50,000원","5,000원"
485,17,22,26,27,36,39,20,"1,501,474,917원","68,248,860원","1,601,859원","50,000원","5,000원"
484,1,3,27,28,32,45,11,"2,305,303,063원","72,040,721원","1,716,533원","50,000원","5,000원"
483,12,15,19,22,28,34,5,"2,567,196,675원","40,364,728원","1,134,322원","50,000원","5,000원"
482,1,10,16,24,25,35,43,"1,897,921,179원","73,808,046원","1,350,971원","50,000원","5,000원"
481,3,4,23,29,40,41,20,"4,639,355,750원","68,225,820원","1,792,642원","50,000원","5,000원"
480,3,5,10,17,30,31,16,"2,996,742,282원","39,956,564원","1,007,478원","50,000원","5,000원"
479,8,23,25,27,35,44,24,"2,233,046,500원","65,677,839원","1,607,665원","50,000원","5,000원"
478,18,29,30,37,39,43,8,"987,224,759원","65,814,984원","1,792,627원","50,000원","5,000원"
477,14,25,29,32,33,45,37,"1,919,011,829원","77,535,832원","1,735,877원","50,000원","5,000원"
476,9,12,13,15,37,38,27,"3,439,851,469원","67,448,069원","1,772,206원","50,000원","5,000원"
475,1,9,14,16,21,29,3,"1,693,923,047원","68,441,336원","1,519,896원","50,000원","5,000원"
474,4,13,18,31,33,45,43,"936,690,800원","48,785,980원","1,347,369원","50,000원","5,000원"
473,8,13,20,22,23,36,34,"3,250,418,063원","60,192,928원","1,650,378원","50,000원","5,000원"
472,16,25,26,31,36,43,44,"1,809,656,090원","91,794,150원","1,561,587원","50,000원","5,000원"
471,6,13,29,37,39,41,43,"1,939,332,858원","75,418,500원","1,856,075원","50,000원","5,000원"
470,10,16,20,39,41,42,27,"4,333,330,625원","80,246,864원","1,558,753원","50,000원","5,000원"
469,4,21,22,34,37,38,33,"3,330,131,250원","67,275,379원","1,738,519원","50,000원","5,000원"
468,8,13,15,28,37,43,17,"1,527,197,167원","69,418,054원","1,572,269원","50,000원","5,000원"
467,2,12,14,17,24,40,39,"1,435,441,084원","65,247,322원","1,188,936원","50,000원","5,000원"
466,4,10,13,23,32,44,20,"1,530,313,459원","41,735,822원","1,314,703원","50,000원","5,000원"
465,1,8,11,13,22,38,31,"1,923,662,893원","48,788,552원","1,295,023원","50,000원","5,000원"
464,6,12,15,34,42,44,4,"3,355,721,106원","67,273,025원","1,668,457원","50,000원","5,000원"
463,23,29,31,33,34,44,40,0원,"54,687,384원","1,613,584원","50,000원","5,000원"
462,3,20,24,32,37,45,4,"1,483,559,297원","50,719,976원","1,418,996원","50,000원","5,000원"
461,11,18,26,31,37,40,43,"1,948,674,875원","60,896,090원","1,134,931원","50,000원","5,000원"
460,8,11,28,30,43,45,41,"3,180,895,782원","70,686,573원","1,622,493원","50,000원","5,000원"
459,4,6,10,14,25,40,12,"1,655,842,233원","41,995,999원","1,260,977원","50,000원","5,000원"
458,4,9,10,32,36,40,18,"1,608,812,625원","41,251,606원","1,496,918원","50,000원","5,000원"
457,8,10,18,23,27,40,33,"1,159,902,825원","41,131,306원","1,283,647원","50,000원","5,000원"
456,1,7,12,18,23,27,44,"1,598,505,054원","47,818,528원","1,154,037원","50,000원","5,000원"
455,4,19,20,26,30,35,24,"1,635,711,483원","59,635,315원","1,317,908원","50,000원","5,000원"
454,13,25,27,34,38,41,10,"1,609,125,590원","43,658,447원","1,343,818원","50,000원","5,000원"
453,12,24,33,38,40,42,30,"2,262,732,375원","52,378,065원","1,335,419원","50,000원","5,000원"
452,8,10,18,30,32,34,27,"1,276,902,000원","39,903,188원","1,475,619원","50,000원","5,000원"
451,12,15,20,24,30,38,29,"882,138,952원","61,654,873원","1,185,671원","50,000원","5,000원"
450,6,14,19,21,23,31,13,"1,990,391,625원","58,540,931원","1,475,458원","50,000원","5,000원"
449,3,10,20,26,35,43,36,"4,059,715,250원","52,047,632원","1,567,458원","50,000원","5,000원"
448,3,7,13,27,40,41,36,"4,026,212,750원","57,517,325원","1,415,687원","50,000원","5,000원"
447,2,7,8,9,17,33,34,"2,657,941,125원","57,160,025원","1,029,612원","50,000원","5,000원"
446,1,11,12,14,26,35,6,"4,051,247,625원","49,405,459원","1,473,181원","50,000원","5,000원"
445,13,20,21,30,39,45,32,"1,791,683,036원","74,653,460원","1,766,946원","50,000원","5,000원"
444,11,13,23,35,43,45,17,"4,154,188,625원","79,888,243원","1,635,508원","50,000원","5,000원"
443,4,6,10,19,20,44,14,"1,327,597,584원","48,570,644원","1,193,883원","50,000원","5,000원"
442,25,27,29,36,38,40,41,"1,413,413,042원","78,522,947원","1,668,073원","50,000원","5,000원"
441,1,23,28,30,34,35,9,"3,170,417,063원","50,324,081원","1,875,432원","50,000원","5,000원"
440,10,22,28,34,36,44,2,"1,995,873,000원","48,679,830원","1,335,033원","50,000원","5,000원"
439,17,20,30,31,37,40,25,"1,900,077,375원","57,578,103원","1,322,253원","50,000원","5,000원"
438,6,12,20,26,29,38,45,"1,377,142,167원","50,383,250원","1,585,352원","50,000원","5,000원"
437,11,16,29,38,41,44,21,"2,096,245,438원","63,522,590원","1,630,051원","50,000원","5,000원"
436,9,14,20,22,33,34,28,"1,512,266,579원","45,826,260원","1,414,987원","50,000원","5,000원"
435,8,16,26,30,38,45,42,"1,287,550,013원","69,223,119원","1,504,851원","50,000원","5,000원"
434,3,13,20,24,33,37,35,"1,480,060,266원","53,335,506원","1,056,998원","50,000원","5,000원"
433,19,23,29,33,35,43,27,"1,182,294,410원","52,866,824원","1,696,041원","50,000원","5,000원"
432,2,3,5,11,27,39,33,"2,299,427,550원","39,920,618원","1,096,846원","50,000원","5,000원"
431,18,22,25,31,38,45,6,"1,268,434,013원","49,164,110원","1,581,195원","50,000원","5,000원"
430,1,3,16,18,30,34,44,"1,611,763,219원","47,755,948원","1,483,104원","50,000원","5,000원"
429,3,23,28,34,39,42,16,"1,485,904,709원","60,239,381원","1,604,649원","50,000원","5,000원"
428,12,16,19,22,37,40,8,"1,437,683,209원","71,884,161원","1,375,335원","50,000원","5,000원"
427,6,7,15,24,28,30,21,"12,571,445,625원","63,492,150원","1,480,736원","50,000원","5,000원"
426,4,17,18,27,39,43,19,"3,057,233,625원","32,351,679원","1,393,135원","50,000원","5,000원"
425,8,10,14,27,33,38,3,"1,534,833,000원","49,913,269원","1,577,829원","50,000원","5,000원"
424,10,11,26,31,34,44,30,"1,109,480,813원","36,257,543원","1,096,759원","50,000원","5,000원"
423,1,17,27,28,29,40,5,"3,896,153,875원","41,448,446원","1,360,389원","50,000원","5,000원"
422,8,15,19,21,34,44,12,"2,205,251,375원","105,011,971원","1,705,531원","50,000원","5,000원"
421,6,11,26,27,28,44,30,"2,321,144,325원","53,730,193원","1,607,887원","50,000원","5,000원"
420,4,9,10,29,31,34,27,"1,424,856,375원","54,280,243원","1,600,513원","50,000원","5,000원"
419,2,11,13,14,28,30,7,"3,796,490,750원","57,522,588원","1,589,821원","50,000원","5,000원"
418,11,13,15,26,28,34,31,"1,435,649,766원","41,613,037원","1,454,560원","50,000원","5,000원"
417,4,5,14,20,22,43,44,"2,818,329,938원","55,261,372원","1,590,929원","50,000원","5,000원"
416,5,6,8,11,22,26,44,"1,072,037,100원","55,835,266원","1,190,359원","50,000원","5,000원"
415,7,17,20,26,30,40,24,"1,334,182,407원","50,825,997원","1,120,927원","50,000원","5,000원"
414,2,14,15,22,23,44,43,"11,703,832,500원","55,732,536원","1,598,885원","50,000원","5,000원"
413,2,9,15,23,34,40,3,"2,814,673,500원","52,123,584원","1,493,989원","50,000원","5,000원"
412,4,7,39,41,42,45,40,"1,656,199,822원","56,830,387원","1,579,913원","50,000원","5,000원"
411,11,14,22,35,37,39,5,"953,227,563원","52,957,087원","1,446,476원","50,000원","5,000원"
410,1,3,18,32,40,41,16,"1,249,335,709원","50,648,745원","1,438,223원","50,000원","5,000원"
409,6,9,21,31,32,40,38,"2,896,989,750원","53,647,959원","1,463,127원","50,000원","5,000원"
408,9,20,21,22,30,37,16,"2,235,375,825원","56,448,885원","1,497,439원","50,000원","5,000원"
407,6,7,13,16,24,25,1,"1,649,707,286원","71,283,649원","1,517,870원","50,000원","5,000원"
406,7,12,21,24,27,36,45,"2,156,142,450원","54,448,042원","1,246,038원","50,000원","5,000원"
405,1,2,10,25,26,44,4,"3,543,878,000원","50,626,829원","1,381,091원","50,000원","5,000원"
404,5,20,21,24,33,40,36,"3,566,659,375원","68,589,604원","1,400,888원","50,000원","5,000원"
403,10,14,22,24,28,37,26,"2,122,396,875원","41,131,723원","1,338,883원","50,000원","5,000원"
402,5,9,15,19,22,36,32,"2,662,206,188원","43,287,906원","1,396,385원","50,000원","5,000원"
401,6,12,18,31,38,43,9,"1,168,214,792원","60,424,904원","1,293,227원","50,000원","5,000원"
400,9,21,27,34,41,43,2,"2,669,834,325원","59,329,652원","1,419,370원","60,192원","5,000원"
399,1,2,9,17,19,42,20,"1,276,854,975원","42,561,833원","1,164,483원","44,222원","5,000원"
398,10,15,20,23,42,44,7,"2,680,625,550원","57,647,862원","1,607,090원","62,263원","5,000원"
397,12,13,17,22,25,33,8,"3,499,519,700원","56,443,867원","1,280,937원","52,265원","5,000원"
396,18,20,31,34,40,45,30,"5,296,622,400원","51,927,671원","1,468,836원","57,336원","5,000원"
395,11,15,20,26,31,35,7,"1,534,635,000원","42,628,750원","1,260,851원","55,718원","5,000원"
394,1,13,20,22,25,28,15,"10,654,349,100원","53,809,844원","1,474,855원","63,081원","5,000원"
393,9,16,28,40,41,43,21,"1,362,003,975원","51,885,866원","1,694,035원","64,915원","5,000원"
392,1,3,7,8,24,42,43,"1,713,528,700원","57,117,624원","1,139,315원","46,358원","5,000원"
391,10,11,18,22,28,39,30,"10,508,749,800원","54,733,072원","1,309,992원","57,611원","5,000원"
390,16,17,28,37,39,40,15,"10,373,997,900원","46,729,721원","1,590,617원","61,934원","5,000원"
389,7,16,18,20,23,26,3,"2,119,027,020원","49,051,552원","1,409,303원","58,088원","5,000원"
388,1,8,9,17,29,32,45,"2,545,543,875원","56,567,642원","1,337,297원","55,211원","5,000원"
387,1,26,31,34,40,43,20,"2,675,533,500원","68,603,424원","1,515,454원","61,385원","5,000원"
386,4,7,10,19,31,40,26,"1,042,953,330원","29,461,959원","1,032,832원","48,150원","5,000원"
385,7,12,19,21,29,32,9,"1,542,032,700원","49,973,282원","1,456,712원","57,944원","5,000원"
384,11,22,24,32,36,38,7,"3,658,734,200원","44,618,710원","1,505,652원","58,927원","5,000원"
383,4,15,28,33,37,40,25,"3,596,522,100원","64,223,609원","1,437,459원","59,423원","5,000원"
382,10,15,22,24,27,42,19,"1,846,674,900원","57,708,591원","1,523,660원","59,315원","5,000원"
381,1,5,10,12,16,20,11,"565,738,895원","28,895,267원","904,345원","43,632원","5,000원"
380,1,2,8,17,26,37,27,"2,684,274,825원","42,607,537원","1,222,348원","46,132원","5,000원"
379,6,10,22,31,35,40,19,"1,598,999,786원","26,274,645원","1,390,090원","60,096원","5,000원"
378,5,22,29,31,34,39,43,"2,317,698,240원","64,380,507원","1,718,341원","64,659원","5,000원"
377,6,22,29,37,43,45,23,"3,912,085,400원","88,911,032원","1,632,757원","66,608원","5,000원"
376,1,11,13,24,28,40,7,"1,956,915,800원","38,370,899원","1,386,900원","56,355원","5,000원"
375,4,8,19,25,27,45,7,"1,581,284,058원","43,924,558원","1,442,402원","56,807원","5,000원"
374,11,13,15,17,25,34,26,"5,528,717,850원","68,255,776원","1,318,245원","52,816원","5,000원"
373,15,26,37,42,43,45,9,"2,791,801,125원","64,179,337원","1,666,250원","64,559원","5,000원"
372,8,11,14,16,18,21,13,"1,192,593,200원","48,348,373원","1,307,668원","57,186원","5,000원"
371,7,9,15,26,27,42,18,"1,524,130,543원","61,315,597원","1,480,560원","57,266원","5,000원"
370,16,18,24,42,44,45,17,"1,678,941,943원","61,211,425원","1,677,026원","64,701원","5,000원"
369,17,20,35,36,41,43,21,"1,842,177,750원","59,425,089원","1,592,203원","62,044원","5,000원"
368,11,21,24,30,39,45,26,"1,465,825,115원","45,003,403원","1,431,071원","59,400원","5,000원"
367,3,22,25,29,32,44,19,"1,581,736,586원","49,874,578원","1,759,161원","66,912원","5,000원"
366,5,12,19,26,27,44,38,"5,351,553,900원","45,739,777원","1,103,186원","49,921원","5,000원"
365,5,15,21,25,26,30,31,"10,697,716,800원","50,941,509원","1,509,698원","57,081원","5,000원"
364,2,5,7,14,16,40,4,"2,531,914,800원","45,620,087원","1,340,702원","53,421원","5,000원"
363,11,12,14,21,32,38,6,"2,615,910,600원","52,846,679원","1,434,162원","58,451원","5,000원"
362,2,3,22,27,30,40,29,"1,729,424,650원","66,516,333원","1,474,361원","60,898원","5,000원"
361,5,10,16,24,27,35,33,"1,473,115,115원","50,548,068원","1,174,733원","51,039원","5,000원"
360,4,16,23,25,35,40,27,"3,566,716,200원","54,041,155원","1,476,290원","59,139원","5,000원"
359,1,10,19,20,24,40,23,"1,286,712,600원","46,368,022원","1,036,001원","46,822원","5,000원"
358,1,9,10,12,21,40,37,"3,472,654,900원","39,461,988원","1,256,388원","50,884원","5,000원"
357,10,14,18,21,36,37,5,"5,313,394,350원","65,597,462원","1,587,036원","62,643원","5,000원"
356,2,8,14,25,29,45,24,"1,157,185,267원","46,912,917원","1,374,330원","56,761원","5,000원"
355,5,8,29,30,35,44,38,"2,145,424,800원","74,493,917원","1,634,236원","66,058원","5,000원"
354,14,19,36,43,44,45,1,"2,124,464,340원","52,070,205원","1,745,944원","65,187원","5,000원"
353,11,16,19,22,29,36,26,"5,290,838,250원","60,814,233원","1,692,527원","65,058원","5,000원"
352,5,16,17,20,26,41,24,"1,732,858,250원","59,753,733원","1,486,157원","58,810원","5,000원"
351,5,25,27,29,34,36,33,"2,583,357,150원","59,387,521원","1,514,722원","62,094원","5,000원"
350,1,8,18,24,29,33,35,"1,101,052,467원","71,807,770원","1,379,765원","57,527원","5,000원"
349,5,13,14,20,24,25,36,"3,353,209,000원","45,313,636원","1,435,450원","56,511원","5,000원"
348,3,14,17,20,24,31,34,"3,299,994,000원","44,594,514원","1,350,244원","50,233원","5,000원"
347,3,8,13,27,32,42,10,"1,456,624,286원","44,720,922원","1,214,722원","53,306원","5,000원"
346,5,13,14,22,44,45,33,"2,017,727,340원","64,670,749원","1,467,225원","61,695원","5,000원"
345,15,20,23,29,39,42,2,"5,203,577,550원","45,645,418원","1,687,282원","68,394원","5,000원"
344,1,2,15,28,34,45,38,"1,467,106,543원","74,418,448원","1,547,581원","60,593원","5,000원"
343,1,10,17,29,31,43,15,"1,717,153,000원","59,212,173원","1,566,746원","63,842원","5,000원"
342,1,13,14,33,34,43,25,"3,454,095,800원","59,553,376원","1,467,331원","61,517원","5,000원"
341,1,8,19,34,39,43,41,"1,497,207,772원","52,931,588원","1,414,367원","59,458원","5,000원"
340,18,24,26,29,34,38,32,"1,439,393,186원","47,979,773원","1,492,705원","59,752원","5,000원"
339,6,8,14,21,30,37,45,"1,096,778,334원","51,411,485원","1,486,150원","60,324원","5,000원"
338,2,13,34,38,42,45,16,"3,383,431,000원","43,377,321원","1,506,426원","62,091원","5,000원"
337,1,5,14,18,32,37,4,"1,257,500,513원","50,808,102원","1,404,245원","56,462원","5,000원"
336,3,5,20,34,35,44,16,"1,685,632,650원","56,187,755원","1,704,381원","61,422원","5,000원"
335,5,9,16,23,26,45,21,"2,037,492,480원","60,639,658원","1,389,453원","56,057원","5,000원"
334,13,15,21,29,39,43,33,"1,523,002,972원","57,317,317원","1,684,206원","67,934원","5,000원"
333,5,14,27,30,39,43,35,"1,550,987,143원","50,263,473원","1,325,631원","60,326원","5,000원"
332,16,17,34,36,42,45,3,"1,359,448,388원","48,989,132원","1,650,818원","60,589원","5,000원"
331,4,9,14,26,31,44,39,"2,165,902,620원","40,109,308원","1,322,285원","55,866원","5,000원"
330,3,4,16,17,19,20,23,"1,162,280,200원","54,481,885원","1,218,324원","50,370원","5,000원"
329,9,17,19,30,35,42,4,"1,830,391,200원","55,466,400원","1,506,495원","58,376원","5,000원"
328,1,6,9,16,17,28,24,"1,819,795,900원","60,659,864원","1,318,693원","54,657원","5,000원"
327,6,12,13,17,32,44,24,"882,674,750원","45,265,372원","1,421,377원","55,515원","5,000원"
326,16,23,25,33,36,39,40,"1,832,134,550원","59,101,115원","1,372,386원","57,177원","5,000원"
325,7,17,20,32,44,45,33,"1,806,122,450원","54,730,984원","1,435,710원","57,677원","5,000원"
324,2,4,21,25,33,36,17,"1,865,130,350원","46,628,259원","1,518,836원","59,710원","5,000원"
323,10,14,15,32,36,42,3,"1,461,025,388원","72,149,402원","1,657,902원","64,085원","5,000원"
322,9,18,29,32,38,43,20,"1,904,544,700원","65,673,956원","1,300,031원","56,158원","5,000원"
321,12,18,20,21,25,34,42,"1,959,136,100원","55,975,318원","1,535,374원","56,960원","5,000원"
320,16,19,23,25,41,45,3,"5,513,067,900원","73,507,572원","1,699,991원","64,412원","5,000원"
319,5,8,22,28,33,42,37,"2,135,659,380원","68,450,622원","1,546,235원","59,833원","5,000원"
318,2,17,19,20,34,45,21,"1,207,436,600원","64,684,104원","1,311,481원","56,531원","5,000원"
317,3,10,11,22,36,39,8,"2,576,258,550원","68,700,228원","1,517,232원","59,672원","5,000원"
316,10,11,21,27,31,39,43,"1,673,586,400원","57,709,876원","1,197,130원","48,967원","5,000원"
315,1,13,33,35,43,45,23,"1,308,728,625원","54,530,360원","1,641,554원","62,091원","5,000원"
314,15,17,19,34,38,41,2,"1,660,512,200원","69,188,009원","1,556,244원","60,502원","5,000원"
313,9,17,34,35,43,45,2,"1,715,422,800원","65,977,800원","1,531,628원","61,548원","5,000원"
312,2,3,5,6,12,20,25,"629,017,820원","27,112,838원","761,892원","34,211원","5,000원"
311,4,12,24,27,28,32,10,"1,237,691,063원","38,378,018원","1,210,752원","50,950원","5,000원"
310,1,5,19,28,34,41,16,"1,296,713,325원","59,619,004원","1,592,036원","64,088원","5,000원"
309,1,2,5,11,18,36,22,"901,622,946원","66,119,016원","1,189,191원","47,826원","5,000원"
308,14,15,17,19,37,45,40,"10,232,872,800원","63,165,882원","1,743,844원","63,461원","5,000원"
307,5,15,21,23,25,45,12,"2,587,643,250원","61,610,554원","1,465,672원","58,085원","5,000원"
306,4,18,23,30,34,41,19,"2,102,669,520원","76,183,679원","1,437,428원","61,822원","5,000원"
305,7,8,18,21,23,39,9,"2,008,210,140원","49,220,837원","1,215,330원","50,589원","5,000원"
304,4,10,16,26,33,41,38,"1,661,646,150원","44,909,356원","1,165,250원","53,519원","5,000원"
303,2,14,17,30,38,45,43,"1,672,749,000원","57,681,000원","1,444,516원","59,459원","5,000원"
302,13,19,20,32,38,42,4,"5,472,167,250원","41,455,813원","1,608,515원","61,360원","5,000원"
301,7,11,13,33,37,43,26,"1,447,385,015원","35,927,997원","1,328,573원","51,361원","5,000원"
300,7,9,10,12,26,38,39,"836,092,425원","49,181,908원","1,180,922원","47,646원","5,000원"
299,1,3,20,25,36,45,24,"1,483,772,529원","59,691,999원","1,548,362원","59,575원","5,000원"
298,5,9,27,29,37,40,19,"9,909,778,500원","41,290,744원","1,220,717원","51,970원","5,000원"
297,6,11,19,20,28,32,34,"5,056,668,750원","60,198,438원","1,322,005원","55,032원","5,000원"
296,3,8,15,27,30,45,44,"3,066,088,275원","46,243,415원","1,186,303원","54,498원","5,000원"
295,1,4,12,16,18,38,8,0원,"62,969,875원","1,616,207원","59,131원","5,000원"
294,6,10,17,30,37,38,40,"2,406,504,975원","61,705,256원","1,411,027원","56,496원","5,000원"
293,1,9,17,21,29,33,24,"1,656,764,400원","78,893,543원","1,435,672원","54,268원","5,000원"
292,17,18,31,32,33,34,10,"720,373,950원","45,428,988원","995,778원","50,256원","5,000원"
291,3,7,8,18,20,42,45,"1,450,585,200원","43,393,575원","1,379,258원","54,144원","5,000원"
290,8,13,18,32,39,45,7,"2,149,214,424원","51,251,650원","1,361,059원","58,573원","5,000원"
289,3,14,33,37,38,42,10,0원,"63,761,694원","1,501,748원","58,541원","5,000원"
288,1,12,17,28,35,41,10,"2,357,261,550원","65,479,488원","1,488,171원","62,553원","5,000원"
287,6,12,24,27,35,37,41,"1,328,657,100원","41,894,594원","1,165,489원","51,161원","5,000원"
286,1,15,19,40,42,44,17,"3,236,566,300원","59,936,413원","1,566,586원","66,246원","5,000원"
285,13,33,37,40,41,45,2,"3,164,370,100원","60,853,272원","1,555,738원","61,705원","5,000원"
284,2,7,15,24,30,45,28,"3,117,640,300원","111,344,297원","1,632,273원","61,691원","5,000원"
283,6,8,18,31,38,45,42,"3,137,224,600원","65,358,846원","1,478,429원","59,206원","5,000원"
282,2,5,10,18,31,32,30,"1,322,052,643원","48,199,836원","1,012,735원","46,530원","5,000원"
281,1,3,4,6,14,41,12,"1,554,683,200원","42,018,465원","1,042,712원","41,713원","5,000원"
280,10,11,23,24,36,37,35,"1,355,258,529원","58,560,554원","1,380,904원","58,653원","5,000원"
279,7,16,31,36,37,38,11,"1,914,205,320원","59,080,412원","1,466,150원","57,566원","5,000원"
278,3,11,37,39,41,43,13,"3,186,530,000원","59,009,815원","1,463,054원","57,268원","5,000원"
277,10,12,13,15,25,29,20,"3,272,627,800원","52,784,320원","1,482,169원","59,211원","5,000원"
276,4,15,21,33,39,41,25,"3,312,569,000원","53,428,533원","1,426,602원","55,308원","5,000원"
275,14,19,20,35,38,40,26,"10,044,066,900원","88,105,850원","1,689,215원","64,813원","5,000원"
274,13,14,15,26,35,39,25,"2,505,085,575원","45,136,678원","1,331,784원","58,277원","5,000원"
273,1,8,24,31,34,44,6,"3,339,543,100원","79,512,931원","1,523,515원","59,431원","5,000원"
272,7,9,12,27,39,43,28,"1,104,622,800원","42,485,493원","1,209,442원","52,419원","5,000원"
271,3,8,9,27,29,40,36,"1,565,918,150원","55,925,649원","1,246,751원","52,709원","5,000원"
270,5,9,12,20,21,26,27,"1,927,830,060원","50,203,908원","1,293,499원","53,724원","5,000원"
269,5,18,20,36,42,43,32,"1,961,399,940원","74,295,453원","1,611,933원","64,715원","5,000원"
268,3,10,19,24,32,45,12,"1,350,954,515원","45,031,818원","1,157,206원","50,960원","5,000원"
267,7,8,24,34,36,41,1,"3,257,663,300원","58,172,559원","1,427,548원","59,122원","5,000원"
266,3,4,9,11,22,42,37,"3,207,211,700원","44,544,607원","1,343,054원","54,526원","5,000원"
265,5,9,34,37,38,39,12,"1,200,838,575원","84,269,374원","1,585,266원","60,459원","5,000원"
264,9,16,27,36,41,44,5,"1,344,889,200원","58,112,497원","1,498,604원","62,642원","5,000원"
263,1,27,28,32,37,40,18,"1,551,704,900원","57,470,552원","1,656,036원","61,466원","5,000원"
262,9,12,24,25,29,31,36,"4,518,741,600원","71,726,058원","1,361,888원","54,966원","5,000원"
261,6,11,16,18,31,43,2,"3,192,299,100원","49,879,674원","1,445,788원","56,717원","5,000원"
260,7,12,15,24,37,40,43,"2,310,085,575원","59,232,964원","1,199,422원","52,871원","5,000원"
259,4,5,14,35,42,45,34,"4,838,533,500원","64,513,780원","1,565,869원","64,000원","5,000원"
258,14,27,30,31,38,40,17,"2,426,434,350원","57,772,247원","938,297원","59,213원","5,000원"
257,6,13,27,31,32,37,4,"2,391,377,025원","88,569,520원","1,292,986원","54,996원","5,000원"
256,4,11,14,21,23,43,32,"4,891,017,000원","47,951,148원","1,367,735원","57,230원","5,000원"
255,1,5,6,24,27,42,32,"1,598,618,550원","122,970,658원","1,516,716원","57,689원","5,000원"
254,1,5,19,20,24,30,27,"9,741,015,900원","49,197,050원","1,325,309원","54,852원","5,000원"
253,8,19,25,31,34,36,33,"2,466,189,525원","82,206,318원","1,406,439원","57,604원","5,000원"
252,14,23,26,31,39,45,28,"1,391,089,715원","67,622,417원","1,493,044원","62,547원","5,000원"
251,6,7,19,25,28,38,45,"1,282,616,400원","42,753,880원","1,376,937원","55,153원","5,000원"
250,19,23,30,37,43,45,38,"1,994,726,280원","97,780,700원","1,581,610원","64,771원","5,000원"
249,3,8,27,31,41,44,11,"1,663,568,700원","57,364,438원","1,423,070원","59,378원","5,000원"
248,3,8,17,23,38,45,13,"1,227,479,363원","71,158,224원","1,417,004원","55,624원","5,000원"
247,12,15,28,36,39,40,13,"1,669,313,900원","57,562,549원","1,638,189원","63,856원","5,000원"
246,13,18,21,23,26,39,15,"1,911,774,240원","61,274,816원","1,231,179원","53,462원","5,000원"
245,9,11,27,31,32,38,22,"1,382,583,129원","46,086,105원","1,477,119원","56,159원","5,000원"
244,13,16,25,36,37,38,19,"9,121,583,100원","60,810,554원","1,387,103원","55,353원","5,000원"
243,2,12,17,19,28,42,34,"2,408,850,000원","55,375,863원","1,474,656원","59,418원","5,000원"
242,4,19,20,21,32,34,43,"1,234,542,375원","45,723,792원","1,322,134원","54,286원","5,000원"
241,2,16,24,27,28,35,21,"2,552,016,300원","50,039,536원","1,759,405원","63,267원","5,000원"
240,6,10,16,40,41,43,21,"5,098,251,450원","60,693,470원","1,567,728원","59,238원","5,000원"
239,11,15,24,39,41,44,7,"1,134,140,167원","58,662,423원","1,570,832원","60,921원","5,000원"
238,2,4,15,28,31,34,35,"1,121,660,567원","58,016,926원","1,578,322원","61,640원","5,000원"
237,1,11,17,21,24,44,33,"1,440,630,729원","43,095,792원","1,530,725원","58,626원","5,000원"
236,1,4,8,13,37,39,7,"5,030,040,150원","40,894,636원","1,602,945원","61,553원","5,000원"
235,21,22,26,27,31,37,8,"3,433,330,100원","59,195,347원","1,457,271원","57,657원","5,000원"
234,13,21,22,24,26,37,4,"2,519,743,875원","73,036,055원","1,601,363원","61,167원","5,000원"
233,4,6,13,17,28,40,39,"999,153,750원","64,048,318원","1,307,109원","53,259원","5,000원"
232,8,9,10,12,24,44,35,"1,110,918,400원","92,576,534원","1,314,178원","51,274원","5,000원"
231,5,10,19,31,44,45,27,"1,088,365,900원","85,923,624원","1,288,516원","55,051원","5,000원"
230,5,11,14,29,32,33,12,"1,292,929,163원","68,956,222원","1,662,397원","61,190원","5,000원"
229,4,5,9,11,23,38,35,"1,451,441,100원","62,716,591원","1,290,662원","50,156원","5,000원"
228,17,25,35,36,39,44,23,"1,146,700,334원","44,103,859원","1,285,539원","52,122원","5,000원"
227,4,5,15,16,22,42,2,"5,253,542,400원","72,965,867원","1,587,653원","61,811원","5,000원"
226,2,6,8,14,21,22,34,"1,744,100,150원","45,897,373원","1,336,476원","54,439원","5,000원"
225,5,11,13,19,31,36,7,"1,777,201,800원","43,346,386원","1,380,888원","54,448원","5,000원"
224,4,19,26,27,30,42,7,"1,808,969,950원","69,575,768원","1,562,151원","59,753원","5,000원"
223,1,3,18,20,26,27,38,"1,498,170,600원","44,817,070원","1,234,369원","51,782원","5,000원"
222,5,7,28,29,39,43,44,"2,275,193,820원","57,454,390원","1,715,833원","66,418원","5,000원"
221,2,20,33,35,37,40,10,"1,800,104,250원","40,911,461원","1,119,468원","47,711원","5,000원"
220,5,11,19,21,34,43,31,"1,958,094,950원","69,931,963원","1,486,785원","58,216원","5,000원"
219,4,11,20,26,35,37,16,"1,208,409,167원","44,210,092원","1,402,952원","56,743원","5,000원"
218,1,8,14,18,29,44,20,"2,779,075,800원","71,258,354원","1,540,081원","61,255원","5,000원"
217,16,20,27,33,35,39,38,"1,611,246,172원","64,820,249원","1,558,696원","58,601원","5,000원"
216,7,16,17,33,36,40,1,"848,506,108원","29,181,427원","703,840원","46,441원","5,000원"
215,2,3,7,15,43,44,4,"1,587,689,615원","57,884,518원","1,484,219원","56,218원","5,000원"
214,5,7,20,25,28,37,32,"1,406,980,875원","52,110,403원","1,309,124원","53,433원","5,000원"
213,2,3,4,5,20,24,42,"1,376,678,025원","55,623,355원","928,463원","38,462원","5,000원"
212,11,12,18,21,31,38,8,"2,660,747,250원","49,273,098원","1,444,489원","55,382원","5,000원"
211,12,13,17,20,33,41,8,"1,035,800,250원","59,528,750원","1,319,828원","53,295원","5,000원"
210,10,19,22,23,25,37,39,"5,139,085,950원","37,239,754원","1,319,745원","53,262원","5,000원"
209,2,7,18,20,24,33,37,"1,660,896,350원","48,849,893원","1,223,046원","50,351원","5,000원"
208,14,25,31,34,40,44,24,"1,760,767,400원","51,787,277원","1,438,536원","54,787원","5,000원"
207,3,11,14,31,32,37,38,"2,104,673,760원","47,402,563원","1,457,935원","57,627원","5,000원"
206,1,2,3,15,20,25,43,"2,032,859,340원","47,056,930원","1,093,641원","50,992원","5,000원"
205,1,3,21,29,35,37,30,"1,835,221,800원","87,391,515원","1,671,423원","65,466원","5,000원"
204,3,12,14,35,40,45,5,"1,358,347,125원","78,744,761원","1,534,856원","62,837원","5,000원"
203,1,3,11,24,30,32,7,"2,164,564,740원","41,948,930원","1,358,287원","53,913원","5,000원"
202,12,14,27,33,39,44,17,"1,893,391,700원","47,334,793원","1,536,844원","60,558원","5,000원"
201,3,11,24,38,39,44,26,"9,719,465,400원","43,781,376원","1,202,607원","53,073원","5,000원"
200,5,6,13,14,17,20,7,"1,344,616,613원","30,910,727원","1,292,590원","54,137원","5,000원"
199,14,21,22,25,30,36,43,"5,344,252,200원","77,452,931원","1,698,206원","64,281원","5,000원"
198,12,19,20,25,41,45,2,"1,797,855,050원","71,914,202원","1,712,243원","64,564원","5,000원"
197,7,12,16,34,42,45,4,"1,803,018,300원","42,929,008원","1,467,062원","61,588원","5,000원"
196,35,36,37,41,44,45,30,"727,876,520원","67,395,975원","1,198,743원","62,663원","5,000원"
195,7,10,19,22,35,40,31,"918,992,591원","25,527,572원","996,346원","47,916원","5,000원"
194,15,20,23,26,39,44,28,"2,650,567,875원","84,145,012원","1,648,364원","65,985원","5,000원"
193,6,14,18,26,36,39,13,"3,404,449,700원","85,111,243원","1,499,758원","58,059원","5,000원"
192,4,8,11,18,37,45,33,"2,445,348,375원","42,900,849원","1,484,729원","58,467원","5,000원"
191,5,6,24,25,32,37,8,"2,577,114,675원","74,698,977원","1,500,504원","57,606원","5,000원"
190,8,14,18,30,31,44,15,"1,784,159,450원","54,065,438원","1,756,063원","66,337원","5,000원"
189,8,14,32,35,37,45,28,"3,461,775,100원","52,451,138원","1,595,289원","66,327원","5,000원"
188,19,24,27,30,31,34,36,"3,501,405,200원","53,051,594원","1,326,290원","57,188원","5,000원"
187,1,2,8,18,29,38,42,"1,544,733,900원","94,852,082원","1,438,300원","60,295원","5,000원"
186,4,10,14,19,21,45,9,"1,187,882,600원","38,735,303원","1,524,230원","60,849원","5,000원"
185,1,2,4,8,19,38,14,"3,522,485,800원","51,801,262원","1,434,237원","53,422원","5,000원"
184,1,2,6,16,20,33,41,"1,747,753,050원","56,379,131원","1,313,113원","55,183원","5,000원"
183,2,18,24,34,40,42,5,"1,777,221,500원","71,088,860원","1,373,433원","52,944원","5,000원"
182,13,15,27,29,34,40,35,"3,721,439,400원","42,289,085원","1,515,245원","63,071원","5,000원"
181,14,21,23,32,40,45,44,"1,941,763,300원","80,906,805원","1,574,829원","64,046원","5,000원"
180,2,15,20,21,29,34,22,"5,763,371,550원","54,889,253원","1,496,203원","61,109원","5,000원"
179,5,9,17,25,39,43,32,"1,081,093,920원","33,996,665원","1,170,016원","51,514원","5,000원"
178,1,5,11,12,18,23,9,"2,254,621,080원","42,701,157원","1,199,778원","50,364원","5,000원"
177,1,10,13,16,37,43,6,"1,693,285,500원","65,849,992원","1,567,857원","61,316원","5,000원"
176,4,17,30,32,33,34,15,"2,314,663,080원","48,222,148원","1,256,604원","50,305원","5,000원"
175,19,26,28,31,33,36,17,"2,371,132,620원","41,165,497원","1,466,922원","58,473원","5,000원"
174,13,14,18,22,35,39,16,"1,771,103,058원","79,472,574원","1,559,462원","63,580원","5,000원"
173,3,9,24,30,33,34,18,"1,487,736,788원","31,486,493원","1,369,924원","50,637원","5,000원"
172,4,19,21,24,26,41,35,"1,081,154,073원","104,321,885원","1,553,383원","60,564원","5,000원"
171,4,16,25,29,34,35,1,"1,961,339,700원","103,228,406원","1,420,232원","54,893원","5,000원"
170,2,11,13,15,31,42,10,"1,923,108,250원","71,226,232원","1,469,144원","57,381원","5,000원"
169,16,27,35,37,43,45,19,"2,482,888,380원","66,744,312원","1,766,929원","65,994원","5,000원"
168,3,10,31,40,42,43,30,"2,349,946,920원","36,264,613원","1,268,322원","52,569원","5,000원"
167,24,27,28,30,36,39,4,"2,491,222,920원","57,667,198원","1,581,127원","64,666원","5,000원"
166,9,12,27,36,39,45,14,"1,111,299,982원","72,763,690원","1,351,947원","57,594원","5,000원"
165,5,13,18,19,22,42,31,"6,767,426,700원","56,395,223원","1,469,583원","57,240원","5,000원"
164,6,9,10,11,39,41,27,"4,054,937,900원","51,986,384원","1,246,906원","54,186원","5,000원"
163,7,11,26,28,29,44,16,"1,629,726,515원","40,454,205원","1,367,876원","57,095원","5,000원"
162,1,5,21,25,38,41,24,"2,308,265,760원","58,289,540원","1,641,259원","62,857원","5,000원"
161,22,34,36,40,42,45,44,"1,996,876,272원","33,275,487원","1,517,999원","63,303원","5,000원"
160,3,7,8,34,39,41,1,"5,490,805,350원","57,195,890원","1,696,264원","62,382원","5,000원"
159,1,18,30,41,42,43,32,"1,755,407,300원","73,141,971원","1,639,036원","63,911원","5,000원"
158,4,9,13,18,21,34,7,"1,069,544,340원","39,612,754원","1,175,841원","52,499원","5,000원"
157,19,26,30,33,35,39,37,"5,484,903,750원","65,296,474원","1,582,945원","59,313원","5,000원"
156,5,18,28,30,42,45,2,"1,401,099,900원","62,271,107원","1,518,808원","62,789원","5,000원"
155,16,19,20,32,33,41,4,"1,193,005,734원","48,365,098원","1,390,450원","56,917원","5,000원"
154,6,19,21,35,40,45,20,"2,836,628,700원","59,096,432원","1,590,485원","62,847원","5,000원"
153,3,8,11,12,13,36,33,"2,730,526,125원","35,006,746원","1,258,888원","50,875원","5,000원"
152,1,5,13,26,29,34,43,"2,278,131,840원","63,281,440원","1,603,415원","62,986원","5,000원"
151,1,2,10,13,18,19,15,"2,716,634,025원","40,246,430원","1,214,681원","53,073원","5,000원"
150,2,18,25,28,37,39,16,"2,831,645,850원","41,038,346원","1,475,969원","57,907원","5,000원"
149,2,11,21,34,41,42,27,"1,639,052,143원","44,470,407원","1,632,987원","63,267원","5,000원"
148,21,25,33,34,35,36,17,"2,323,596,420원","55,323,725원","1,634,035원","61,124원","5,000원"
147,4,6,13,21,40,42,36,"1,700,040,215원","56,668,008원","1,632,412원","63,558원","5,000원"
146,2,19,27,35,41,42,25,"6,043,415,250원","59,249,170원","1,456,596원","64,439원","5,000원"
145,2,3,13,20,27,44,9,"3,797,838,200원","49,971,556원","1,560,328원","60,169원","5,000원"
144,4,15,17,26,36,37,43,"1,402,440,413원","49,208,436원","1,248,279원","50,416원","5,000원"
143,26,27,28,42,43,45,8,"3,954,584,700원","56,494,068원","1,672,837원","69,221원","5,000원"
142,12,16,30,34,40,44,19,"1,018,265,564원","66,672,150원","1,407,859원","57,795원","5,000원"
141,8,12,29,31,42,43,2,"1,900,552,400원","65,536,290원","1,661,323원","65,308원","5,000원"
140,3,13,17,18,19,28,8,"2,109,462,840원","51,702,521원","1,341,898원","54,617원","5,000원"
139,9,11,15,20,28,43,13,"1,650,210,215원","68,758,759원","1,706,778원","67,233원","5,000원"
138,10,11,27,28,37,39,19,"2,227,152,000원","57,998,750원","1,483,582원","60,623원","5,000원"
137,7,9,20,25,36,39,15,"1,270,403,467원","47,640,130원","1,207,608원","52,255원","5,000원"
136,2,16,30,36,41,42,11,"1,997,694,150원","76,834,391원","1,561,919원","59,639원","5,000원"
135,6,14,22,28,35,39,16,"1,717,293,515원","71,553,897원","1,406,959원","60,529원","5,000원"
134,3,12,20,23,31,35,43,"2,349,155,100원","39,152,585원","1,366,106원","56,175원","5,000원"
133,4,7,15,18,23,26,13,"1,450,242,600원","37,914,840원","1,319,002원","50,709원","5,000원"
132,3,17,23,34,41,45,43,"2,920,473,525원","57,264,187원","1,408,816원","59,653원","5,000원"
131,8,10,11,14,15,21,37,"1,451,214,488원","58,634,929원","1,176,264원","52,372원","5,000원"
130,7,19,24,27,42,45,31,"3,036,496,650원","67,477,704원","1,590,206원","63,672원","5,000원"
129,19,23,25,28,38,42,17,"1,093,629,655원","40,099,754원","1,361,160원","56,381원","5,000원"
128,12,30,34,36,37,45,39,"2,064,043,100원","89,741,005원","1,731,580원","65,221원","5,000원"
127,3,5,10,29,32,43,35,"1,965,939,150원","45,719,516원","1,537,091원","58,532원","5,000원"
126,7,20,22,27,40,43,1,"1,369,301,500원","58,684,350원","1,427,347원","57,558원","5,000원"
125,2,8,32,33,35,36,18,"1,754,870,786원","56,870,813원","1,417,832원","55,140원","5,000원"
124,4,16,23,25,29,42,1,"1,395,936,267원","56,592,011원","1,359,679원","55,808원","5,000원"
123,7,17,18,28,30,45,27,"2,532,982,680원","55,547,866원","1,429,126원","58,036원","5,000원"
122,1,11,16,17,36,40,8,"1,450,073,800원","57,239,756원","1,550,329원","59,989원","5,000원"
121,12,28,30,34,38,43,9,"6,839,648,100원","73,544,604원","1,698,870원","67,589원","5,000원"
120,4,6,10,11,32,37,30,"4,364,530,300원","70,395,650원","1,359,667원","54,286원","5,000원"
119,3,11,13,14,17,21,38,"1,474,899,400원","45,149,982원","1,142,743원","51,856원","5,000원"
118,3,4,10,17,19,22,38,"1,297,989,720원","52,763,810원","1,294,624원","51,983원","5,000원"
117,5,10,22,34,36,44,35,"1,558,378,334원","46,751,350원","1,423,610원","59,662원","5,000원"
116,2,4,25,31,34,37,17,"1,997,747,315원","41,619,736원","1,343,346원","50,725원","5,000원"
115,1,2,6,9,25,28,31,"1,488,589,567원","65,673,070원","1,122,053원","48,739원","5,000원"
114,11,14,19,26,28,41,2,"2,362,345,050원","57,618,172원","1,584,404원","60,185원","5,000원"
113,4,9,28,33,36,45,26,"1,561,528,934원","54,471,940원","1,583,701원","64,428원","5,000원"
112,26,29,30,33,41,42,43,"1,567,271,167원","73,465,836원","1,715,991원","66,933원","5,000원"
111,7,18,31,33,36,40,27,"2,199,047,450원","43,118,578원","1,268,194원","50,633원","5,000원"
110,7,20,22,23,29,43,1,"4,566,262,000원","60,082,395원","1,640,181원","61,980원","5,000원"
109,1,5,34,36,42,44,33,"1,246,838,200원","80,441,175원","1,670,246원","68,153원","5,000원"
108,7,18,22,23,29,44,12,"1,998,900,772원","56,879,291원","1,595,111원","65,853원","5,000원"
107,1,4,5,6,9,31,17,"6,679,927,800원","63,618,360원","1,020,928원","48,590원","5,000원"
106,4,10,12,22,24,33,29,"810,461,157원","54,030,744원","1,051,182원","46,205원","5,000원"
105,8,10,20,34,41,45,28,"3,416,781,450원","87,609,781원","1,711,386원","65,904원","5,000원"
104,17,32,33,34,42,44,35,"6,610,743,750원","95,807,881원","1,704,240원","61,361원","5,000원"
103,5,14,15,27,30,45,10,"1,691,589,563원","59,354,020원","1,424,797원","59,679원","5,000원"
102,17,22,24,26,35,40,42,"1,457,153,067원","91,072,067원","1,616,664원","57,919원","5,000원"
101,1,3,17,32,35,45,8,"2,707,297,500원","59,370,560원","1,605,752원","61,634원","5,000원"
100,1,7,11,23,37,42,6,"3,315,315,525원","61,394,732원","1,431,484원","57,484원","5,000원"
99,1,3,10,27,29,37,11,"2,169,219,050원","54,230,477원","1,372,056원","56,196원","5,000원"
98,6,9,16,23,24,32,43,"3,177,972,300원","47,081,072원","1,126,941원","48,251원","5,000원"
97,6,7,14,15,20,36,3,"1,496,214,000원","48,789,587원","1,454,518원","58,123원","5,000원"
96,1,3,8,21,22,31,20,"1,847,133,515원","56,710,240원","1,800,326원","66,002원","5,000원"
95,8,17,27,31,34,43,14,"1,747,741,238원","48,548,368원","1,348,566원","56,540원","5,000원"
94,5,32,34,40,41,45,6,"2,245,339,950원","59,087,894원","1,659,527원","63,155원","5,000원"
93,6,22,24,36,38,44,19,"2,269,178,150원","87,276,083원","1,552,106원","66,160원","5,000원"
92,3,14,24,33,35,36,17,"1,233,270,846원","45,219,931원","1,393,098원","57,011원","5,000원"
91,1,21,24,26,29,42,27,"3,582,902,400원","74,643,800원","1,982,242원","74,431원","5,000원"
90,17,20,29,35,38,44,10,"3,291,435,300원","64,537,948원","1,691,820원","64,645원","5,000원"
89,4,26,28,29,33,40,37,"4,248,321,900원","70,805,365원","1,585,195원","58,463원","5,000원"
88,1,17,20,24,30,41,27,"3,069,709,650원","66,015,262원","1,729,902원","63,321원","5,000원"
87,4,12,16,23,34,43,26,"1,799,358,055원","99,964,337원","2,639,059원","120,466원","10,000원"
86,2,12,37,39,41,45,33,"14,252,186,400원","148,460,275원","3,887,667원","135,515원","10,000원"
85,6,8,13,23,31,36,21,"3,462,109,800원","74,453,975원","2,804,464원","110,577원","10,000원"
84,16,23,27,34,42,45,11,"7,669,779,000원","150,387,824원","4,026,131원","157,805원","10,000원"
83,6,10,15,17,19,34,14,"7,086,948,300원","157,487,740원","2,775,930원","102,880원","10,000원"
82,1,2,3,14,27,42,39,"14,562,494,400원","121,354,120원","3,810,177원","134,320원","10,000원"
81,5,7,11,13,20,33,6,"2,714,288,880원","113,095,370원","2,162,436원","87,580원","10,000원"
80,17,18,24,25,26,30,1,"13,809,540,000원","143,849,375원","2,651,602원","114,362원","10,000원"
79,3,12,24,27,30,32,14,"3,416,443,800원","73,471,910원","1,904,373원","92,154원","10,000원"
78,10,13,25,29,33,35,38,"3,519,850,000원","106,662,100원","2,578,600원","110,500원","10,000원"
77,2,18,29,32,43,44,37,"5,155,758,600원","135,677,800원","3,615,500원","139,200원","10,000원"
76,1,3,15,22,25,37,43,"7,451,022,600원","146,098,400원","2,956,700원","111,600원","10,000원"
75,2,5,24,32,34,44,28,"3,914,616,900원","137,354,900원","3,194,300원","127,900원","10,000원"
74,6,15,17,18,35,40,23,"5,284,949,800원","66,061,800원","2,588,100원","109,100원","10,000원"
73,3,12,18,32,40,43,38,"2,766,662,100원","106,410,000원","2,029,800원","99,500원","10,000원"
72,2,4,11,17,26,27,1,"3,260,524,600원","104,081,800원","1,824,500원","80,300원","10,000원"
71,5,9,12,16,29,41,21,0원,"88,745,200원","3,177,500원","125,700원","10,000원"
70,5,19,22,25,28,43,26,"5,031,277,800원","179,688,400원","3,508,500원","136,700원","10,000원"
69,5,8,14,15,19,39,35,"4,962,712,200원","124,067,800원","3,239,300원","120,300원","10,000원"
68,10,12,15,16,26,39,38,"2,945,882,100원","122,745,000원","3,255,800원","113,400원","10,000원"
67,3,7,10,15,36,38,33,"2,114,436,500원","39,787,700원","2,537,900원","105,500원","10,000원"
66,2,3,7,17,22,24,45,"3,685,138,200원","129,303,000원","3,125,600원","122,200원","10,000원"
65,4,25,33,36,40,43,39,"3,727,945,800원","92,048,000원","2,477,800원","94,500원","10,000원"
64,14,15,18,21,26,36,39,"3,899,818,000원","236,352,600원","3,993,600원","140,000원","10,000원"
63,3,20,23,36,38,40,5,"7,922,245,500원","101,567,200원","3,204,700원","127,200원","10,000원"
62,3,8,15,27,29,35,21,"15,817,286,400원","119,827,900원","3,179,900원","126,400원","10,000원"
61,14,15,19,30,38,43,8,"3,541,038,800원","268,260,500원","3,740,000원","143,100원","10,000원"
60,2,8,25,36,39,42,11,"2,172,504,600원","93,873,600원","2,329,500원","110,800원","10,000원"
59,6,29,36,39,41,45,13,"4,127,587,300원","119,640,200원","4,226,900원","157,100원","10,000원"
58,10,24,25,33,40,44,1,"3,676,429,200원","62,844,900원","1,859,600원","84,200원","10,000원"
57,7,10,16,25,29,44,6,"4,114,411,900원","109,717,600원","2,857,200원","124,500원","10,000원"
56,10,14,30,31,33,37,19,"3,777,570,900원","86,840,700원","1,853,100원","122,300원","10,000원"
55,17,21,31,37,40,44,7,"7,088,799,600원","98,455,500원","3,245,700원","111,000원","10,000원"
54,1,8,21,27,36,39,37,"5,148,626,600원","171,620,800원","3,580,400원","147,700원","10,000원"
53,7,8,14,32,33,39,42,"5,014,371,000원","100,287,400원","3,126,100원","110,500원","10,000원"
52,2,4,15,16,20,29,1,"3,900,844,900원","200,043,300원","3,887,200원","150,000원","10,000원"
51,2,3,11,16,26,44,35,"2,421,117,000원","93,119,800원","2,519,300원","105,900원","10,000원"
50,2,10,12,15,22,44,1,"5,227,061,400원","186,680,700원","3,164,000원","129,700원","10,000원"
49,4,7,16,19,33,40,30,"1,967,504,600원","46,845,300원","1,543,600원","69,000원","10,000원"
48,6,10,18,26,37,38,3,"2,415,673,600원","96,626,900원","1,888,700원","83,200원","10,000원"
47,14,17,26,31,36,45,27,"3,250,042,400원","246,215,300원","3,002,600원","133,400원","10,000원"
46,8,13,15,23,31,38,39,"5,327,758,800원","68,304,600원","2,554,000원","117,700원","10,000원"
45,1,10,20,27,33,35,17,"8,356,417,800원","103,165,600원","3,129,700원","122,500원","10,000원"
44,3,11,21,30,38,45,39,"3,362,155,800원","121,817,200원","3,569,100원","139,700원","10,000원"
43,6,31,35,38,39,44,1,"17,749,630,800원","140,870,000원","3,194,600원","131,200원","10,000원"
42,17,18,19,21,23,32,1,"6,899,280,100원","131,479,800원","3,275,200원","115,700원","10,000원"
41,13,20,23,35,38,43,34,0원,"109,404,000원","3,282,100원","135,900원","10,000원"
40,7,13,18,19,25,26,6,"1,147,652,400원","56,513,100원","2,356,900원","76,400원","10,000원"
39,6,7,13,15,21,43,8,"2,623,748,800원","104,949,900원","3,753,500원","135,400원","10,000원"
38,16,17,22,30,37,43,36,"5,374,866,400원","149,301,800원","3,957,900원","147,700원","10,000원"
37,7,27,30,33,35,37,42,"4,985,999,400원","124,649,900원","2,908,900원","107,600원","10,000원"
36,1,10,23,26,28,40,31,"16,014,475,800원","140,477,800원","3,475,300원","139,300원","10,000원"
35,2,3,11,26,37,43,39,"5,054,598,200원","105,304,100원","2,708,700원","107,800원","10,000원"
34,9,26,35,37,40,42,2,"3,056,918,000원","56,609,500원","2,015,300원","74,300원","10,000원"
33,4,7,32,33,40,41,9,"14,903,517,600원","60,583,400원","2,336,700원","95,200원","10,000원"
32,6,14,19,25,34,44,11,"1,634,528,300원","55,596,200원","2,264,500원","103,300원","10,000원"
31,7,9,18,23,28,35,32,"8,106,672,900원","93,180,100원","2,391,300원","92,500원","10,000원"
30,8,17,20,35,36,44,4,"8,728,555,500원","132,250,800원","3,336,600원","137,500원","10,000원"
29,1,5,13,34,39,40,11,"3,552,594,000원","174,146,700원","3,936,800원","139,800원","10,000원"
28,9,18,23,25,35,37,1,"1,700,361,100원","128,815,200원","2,434,600원","97,900원","10,000원"
27,1,20,26,28,37,43,27,"9,543,982,500원","198,832,900원","5,494,500원","189,800원","10,000원"
26,4,5,7,18,20,25,31,"3,495,069,900원","74,680,900원","2,173,500원","80,600원","10,000원"
25,2,4,21,26,43,44,16,"24,227,745,300원","175,267,400원","4,417,100원","166,600원","10,000원"
24,7,8,27,29,36,43,6,0원,"176,023,700원","3,425,300원","120,000원","10,000원"
23,5,13,17,18,33,42,44,"4,317,947,700원","125,157,900원","2,098,100원","90,300원","10,000원"
22,4,5,6,8,17,39,25,"4,552,194,900원","94,837,300원","3,669,600원","113,900원","10,000원"
21,6,12,17,18,31,32,21,"797,475,400원","117,576,500원","1,522,400원","73,600원","10,000원"
20,10,14,18,20,23,30,41,"19,352,212,800원","230,383,400원","3,632,100원","133,900원","10,000원"
19,6,30,38,39,40,43,26,"40,722,959,400원","297,278,500원","5,971,100원","150,900원","10,000원"
18,3,12,13,19,32,35,29,0원,"175,017,300원","3,953,700원","136,500원","10,000원"
17,3,4,9,17,32,37,1,"5,349,491,200원","297,193,900원","2,342,100원","86,700원","10,000원"
16,6,7,24,37,38,40,33,"4,377,146,100원","243,174,700원","3,385,200원","123,500원","10,000원"
15,3,4,16,30,31,37,13,"17,014,245,000원","177,231,700원","5,571,100원","144,600원","10,000원"
14,2,6,12,31,33,40,15,"9,375,048,300원","130,363,400원","2,568,700원","93,900원","10,000원"
13,22,23,25,37,38,42,26,0원,"433,309,300원","5,777,400원","175,600원","10,000원"
12,2,11,21,25,39,45,44,"1,348,845,700원","99,914,400원","1,417,500원","70,200원","10,000원"
11,1,7,36,37,41,42,14,"4,780,152,300원","362,132,700원","9,307,100원","206,800원","10,000원"
10,9,25,30,33,41,44,6,"6,430,437,900원","40,813,400원","856,400원","27,300원","10,000원"
9,2,4,16,17,36,39,14,0원,"769,456,500원","8,743,800원","260,000원","10,000원"
8,8,19,25,34,37,39,9,0원,"131,555,000원","2,268,100원","110,500원","10,000원"
7,2,9,16,25,26,40,42,0원,"48,165,000원","1,605,500원","65,500원","10,000원"
6,14,15,26,27,40,42,34,"6,574,451,700원","196,297,600원","4,267,300원","87,600원","10,000원"
5,16,24,29,40,41,42,3,0원,0원,"6,033,800원","166,500원","10,000원"
4,14,27,30,31,40,42,2,0원,"211,191,200원","7,282,400원","152,100원","10,000원"
3,11,16,19,21,27,31,30,"2,000,000,000원",0원,"1,174,100원","54,900원","10,000원"
2,9,13,21,25,32,42,2,"2,002,006,800원","94,866,800원","1,842,000원","100,800원","10,000원"
1,10,23,29,33,37,40,16,0원,"143,934,100원","5,140,500원","113,400원","10,000원"